N° Formulaire;Genre ;Âge;Taille (m);Poids (kg);IMC;Activité physique;Régime particulier;Végé;Fréquence CROUS ;Equilibre alim;Seule ou En groupe;Nb groupe entrée;Proximité;Connaissance;Parti groupe;Influ sociale;Percept senso;Nb file;Faim;Stress;Nb convives;Ami 1;Ami 2;Ami 3;Ami 4;Ami 5;;;;;;;;;;;;
8S7P;M;27;1,8;70;21,60493827;Modérée;Non;Non;Tous les jours ou presque;Très attention;En groupe;4;Non;Oui;Oui;Pas influencé;Moyennement influencé;Non, je ne pense pas;Oui, assez faim;Non;4;3Q5T;8D7X;3U9V;;;;;;;;;;;;;;
3U9V;M;24;1,8;70;21,60493827;Modérée;Non;Non;Tous les jours ou presque;Moyennement;En groupe;4;Oui;Oui;Oui;Peu influencé;Moyennement influencé;Non,pas trop;Oui, assez faim;Plutôt non;4;8D7X;3Q5T;8S7P;;;;;;;;;;;;;;
3Q5T;M;29;1,7;56;19,37716263;Modérée;Non;Non;Tous les jours ou presque;Pas du tout;En groupe;4;Non;Non;Non;Pas influencé;Moyennement influencé;Non, je ne pense pas;Oui, assez faim;Non;4;8D7X;8S7P;3U9V;;;;;;;;;;;;;;
8D7X;M;23;1,85;55;16,07012418;Faible;Non;Non;Tous les jours ou presque;Pas du tout;En groupe;4;Oui;Oui;Oui;Pas influencé;Pas influencé;Non, je ne pense pas;Oui, assez faim;Non;4;3U9V;3Q5T;8S7P;;;;;;;;;;;;;;
7R3E;M;25;1,73;82;27,39817568;Importante;Non;Non;Au moins 1 fois par semaine;Moyennement;En groupe;8;Oui;Oui;Oui;Peu influencé;Moyennement influencé;Oui,tout à fait;Oui, mais très peu;Non;3 ? ;5S4C;2C5C;;;;;;;;;;;;;;;
2C5C;M;23;1,78;67;21,14631991;Aucune;Non;Non;Tous les jours ou presque;Moyennement;En groupe;8;Oui;Oui;Oui;Peu influencé;Très influencé;Plutôt oui;Oui, assez faim;Non;3 ?;7R3E;5S4C;;;;;;;;;;;;;;;
8W0W;M;26;1,77;73;23,30109483;Faible;Oui;Non;Tous les jours ou presque;Moyennement;En groupe;2;Oui;Oui;Oui;Pas influencé;Pas influencé;Non, je ne pense pas;Oui, assez faim;Plutôt non;2;5J1R;;;;;;;;;;;;;;;;
5J1R;M;28;1,7;83;28,71972318;Modérée;Oui;Non;Tous les jours ou presque;Moyennement;En groupe;2;Oui;Oui;Oui;Pas influencé;Pas influencé;Non, je ne pense pas;Oui,très faim;Non;2;8W0W;;;;;;;;;;;;;;;;
2H4R;M;24;1,85;73;21,32943755;Modérée;Oui;Oui;Tous les jours ou presque;Moyennement;Seule ;1;Non;N.A;N.A;N.A;Moyennement influencé;Non,pas trop;Oui,très faim;Plutôt non;1;;;;;;;;;;;;;;;;;
7V9Y;M;20;1,86;56;16,18684241;Aucune;Oui;Non;Tous les jours ou presque;Pas du tout;En groupe;10;Oui;Oui;Oui;Moyennement influencé;Peu influencé;Oui,tout à fait;Oui, assez faim;Plutôt oui;4;8X0N;5Q80;2W1G;;;;;;;;;;;;;;
8X0N;M;21;1,8;62;19,13580247;Faible;Non;Non;Tous les jours ou presque;Moyennement;En groupe;10;Oui;Oui;Oui;Très influencé;Pas influencé;Oui,tout à fait;Oui,très faim;Plutôt oui;4;7V9Y;5Q80;2W1G;;;;;;;;;;;;;;
6X8Q;F;24;1,7;50;17,30103806;Aucune;Non;Non;Tous les jours ou presque;Moyennement;En groupe;8;Oui;Oui;Non;Pas influencé;Pas influencé;Non, je ne pense pas;Oui,très faim;Non;N.A;;;;;;;;;;;;;;;;;
5Q8O;M;19;1,81;59;18,00921828;Modérée;Non;Non;Tous les jours ou presque;Manger équilibré;En groupe;2;Non;N.A;N.A;Pas influencé;Très influencé;Non, je ne pense pas;Oui,très faim;Plutôt oui;4;2W1G;7V9Y;8X0N;;;;;;;;;;;;;;
2W1G;M;19;1,7;60;20,76124567;Faible;Non;Non;Tous les jours ou presque;Un peu;En groupe;2;Oui;Oui;Oui;Pas influencé;Très influencé;Non, je ne pense pas;Oui, assez faim;Plutôt non;4;5Q8O;8X0N;7V9Y;;;;;;;;;;;;;;
2E8R;F;19;1,67;64;22,94811574;Modérée;Non;Non;Tous les jours ou presque;Très attention;En groupe;2;Non;N.A;N.A;Pas influencé;Moyennement influencé;Non, je ne pense pas;Oui, mais très peu;Plutôt non;2;7E5H;;;;;;;;;;;;;;;;
6E4S;M;20;1,83;72;21,49959688;Faible;Oui;Oui;Tous les jours ou presque;Moyennement;En groupe;3;Non;Oui;Oui;Pas influencé;Moyennement influencé;Non, je ne pense pas;Oui, assez faim;Non;3;7F1D;9I9S;;;;;;;;;;;;;;;
9I9S;M;20;1,86;75;21,6788068;Faible;Oui;Non;Tous les jours ou presque;Très attention;En groupe;3;Non;Oui;Oui;Pas influencé;Moyennement influencé;Non, je ne pense pas;Oui, assez faim;Non;3;7F1D;6E4S;;;;;;;;;;;;;;;
7F1D;M;20;1,83;70;20,90238586;Faible;Non;Non;Tous les jours ou presque;Moyennement;En groupe;3;Oui;Oui;Oui;Pas influencé;Très influencé;Non,pas trop;Oui, assez faim;Plutôt non;3;9I9S;6E4S;;;;;;;;;;;;;;;
1Q9K;M;22;1,83;90;26,8744961;Faible;Non;Non;Tous les jours ou presque;Un peu;En groupe;2;Oui;Oui;Oui;Peu influencé;Pas influencé;Non, je ne pense pas;Oui,très faim;Non;N.A;;;;;;;;;;;;;;;;;
5S7A;F;28;1,6;48;18,75;Aucune;N.A;Non;Tous les jours ou presque;Moyennement;Seule ;1;Non;Non;N.A;Pas influencé;Très influencé;Non, je ne pense pas;Oui, assez faim;Oui, très;1;;;;;;;;;;;;;;;;;
2W1Q;F;23;163;62;0,002333547;Faible;Oui;Oui;Tous les jours ou presque;Très attention;Seule ;1;Non;Non;N.A;Peu influencé;Moyennement influencé;Plutôt oui;Oui, assez faim;Oui, très;1;;;;;;;;;;;;;;;;;
3R8M;M;20;1,7;70;24,22145329;Importante;Non;Non;Tous les jours ou presque;Pas du tout;En groupe;4;Non;N.A;N.A;Pas influencé;Très influencé;Non, je ne pense pas;Oui,très faim;Plutôt non;N.A;;;;;;;;;;;;;;;;;
8S3I;M;21;1,92;78;21,15885417;Importante;Non;Non;Tous les jours ou presque;Moyennement;En groupe;2;Oui;Oui;Oui;Peu influencé;Moyennement influencé;Non, je ne pense pas;Oui, assez faim;Non;2;4H1B;;;;;;;;;;;;;;;;
4H1B;M;21;1,72;75;25,35154137;Importante;Non;Non;Tous les jours ou presque;Moyennement;En groupe;2;Oui;Oui;Oui;Peu influencé;Moyennement influencé;Non,pas trop;Oui, assez faim;Plutôt non;2;8S3I;;;;;;;;;;;;;;;;
5E1R;M;21;1,75;70;22,85714286;Faible;Non;Non;Tous les jours ou presque;Moyennement;En groupe;2;Oui;Non;N.A;Peu influencé;Très influencé;Plutôt oui;Oui, mais très peu;Plutôt non;2;8C3Z;;;;;;;;;;;;;;;;
8C3Z;M;20;1,85;75;21,9138057;Faible;Non;Non;Tous les jours ou presque;Très attention;En groupe;2;Oui;Non;Non;Pas influencé;Moyennement influencé;Non, je ne pense pas;Oui, assez faim;Non;2;5E1R;;;;;;;;;;;;;;;;
7B2H;M;40;1,68;67;23,73866213;Faible;Non;Non;Tous les jours ou presque;Moyennement;En groupe;6;Non;Non;Non;Pas influencé;Peu influencé;Plutôt oui;Oui, assez faim;Plutôt non;6;6O7D;8S7L;4C3L;1C5X;2Q8X;;;;;;;;;;;;
1C5X;M;23;1,8;74;22,83950617;Faible;Oui;Oui;Tous les jours ou presque;Très attention;En groupe;6;Non;Non;Non;Pas influencé;Peu influencé;Non, je ne pense pas;Oui, assez faim;Plutôt oui;6;6O7D;8S7L;4C3L;7B2H;2Q8X;;;;;;;;;;;;
8S7L;F;24;1,62;54;20,57613169;Importante;Non;Non;Tous les jours ou presque;Très attention;En groupe;6;Non;Non;Non;Pas influencé;Peu influencé;Non, pas trop;Oui, assez faim;Plutôt oui;6;1C5X;4C3L;7B2H;2Q8X;6O7D;;;;;;;;;;;;
6O7D;M;23;1,7;63;21,79930796;Modérée;Non;Non;Au moins 1 fois par semaine;Moyennement;En groupe;3;Non;Non;Non;Pas influencé;Peu influencé;Non, je ne pense pas;Oui, très faim;Non;6;4C3L;8S7L;1C5X;2Q8X;7B2H;;;;;;;;;;;;
4C3L;M;22;1,84;75;22,1526465;Modérée;Oui;Oui;Tous les jours ou presque;Très attention;En groupe;6;Oui;Oui;Oui;Pas influencé;Moyennement influencé;Non, je ne pense pas;Oui, très faim;Plutôt non;6;8S7L;6O7D;1C5X;7B2H;2Q8X;;;;;;;;;;;;
2Q8X;F;29;1,76;69;22,27530992;Aucune;Non;Non;Tous les jours ou presque;Moyennement;En groupe;3;Oui;Non;Non;Pas influencé;Moyennement influencé;Non, pas trop;Non;Plutôt oui;6;1C5X;4C3L;7B2H;8S7L;6O7D;;;;;;;;;;;;
5L0V;F;24;1,68;64;22,67573696;Faible;Non;Non;Je viens pour la première fois;Moyennement;En groupe;2;Oui;Oui;Oui;Peu influencé;Très influencé;Non, pas trop;Oui, assez faim;Plutôt non;2;3E1Q;;;;;;;;;;;;;;;;
3E1Q;M;22;1,81;74;22,58783309;Modérée;Non;Non;Je viens pour la première fois;Un peu;En groupe;2;Oui;Oui;Oui;N.A;Moyennement influencé;Non, pas trop;Oui, assez faim;Non;2;5L0V;;;;;;;;;;;;;;;;
2K9I;M;22;1,85;75;21,9138057;Faible;Non;Non;Tous les jours ou presque;N.A;En groupe;6;Oui;Oui;Oui;Pas influencé;Moyennement influencé;Non, pas trop;Oui, assez faim;Plutôt non;5;6T3Q;1J6P;8K6W;9W3O;;;;;;;;;;;;;
6T3Q;M;23;1,73;75;25,05930703;Faible;Non;Non;Au moins 1 fois par semaine;Un peu;En groupe;6;Oui;Oui;Oui;Pas influencé;Très influencé;Non, je ne pense pas;Oui, assez faim;Plutôt non;5;1J6P;2K9I;9W3O;8K6W;;;;;;;;;;;;;
9W3O;M;22;1,81;65;19,8406642;Modérée;Non;Non;Tous les jours ou presque;Moyennement;En groupe;6;Oui;Oui;Oui;Peu influencé;Très influencé;Non, je ne pense pas;Oui, assez faim;Non;5;6T3Q;1J6P;8K6W;2K9I;;;;;;;;;;;;;
1J6P;M;23;1,7;78;26,98961938;Modérée;Non;Non;Au moins 1 fois par semaine;Moyennement;En groupe;6;Oui;Oui;Oui;Pas influencé;Très influencé;Non, pas trop;Oui, très faim;Non;5;6T3Q;8K6W;2K9I;9W3O;;;;;;;;;;;;;
8K6W;M;22;1,84;55;16,2452741;Faible;Non;Non;Au moins 1 fois par semaine;Moyennement;En groupe;6;Oui;Oui;Oui;Pas influencé;Pas influencé;Non, je ne pense pas;Oui, très faim;Plutôt non;5;6T3Q;1J6P;2K9I;9W3O;;;;;;;;;;;;;
6M1O;M;20;1,75;60;19,59183673;Faible;Non;Non;Tous les jours ou presque;Moyennement;Seule ;1;Oui;Non;Non;Peu influencé;Très influencé;Plutôt oui;Oui, mais très peu;Plutôt non;1;;;;;;;;;;;;;;;;;
7B9M;M;22;1,81;60;18,31445927;Modérée;Non;Non;Tous les jours ou presque;Très attention;En groupe;5;Oui;Oui;Oui;Pas influencé;Très influencé;Non, je ne pense pas;Oui, assez faim;Plutôt non;5;7L7R;5X3K;7F0W;0Y1G;;;;;;;;;;;;;
5X3K;M;22;1,76;103;33,25154959;Faible;Oui;Oui;Tous les jours ou presque;Moyennement;En groupe;5;Non;Non;Non;Pas influencé;Moyennement influencé;Non, pas trop;Oui, mais très peu;Non;5;0Y1G;7L7R;7B9M;7F0W;;;;;;;;;;;;;
7L7R;M;22;1,83;64;19,11075278;Modérée;Oui;Non;Tous les jours ou presque;Moyennement;En groupe;6;Oui;Oui;Oui;Peu influencé;Moyennement influencé;Non, pas trop;Oui, assez faim;Plutôt non;5;7B9M;7F0W;0Y1G;5X3K;;;;;;;;;;;;;
7F0W;M;21;1,8;70;21,60493827;Importante;Non;Non;Tous les jours ou presque;Moyennement;En groupe;5;Oui;Oui;Oui;Peu influencé;Peu influencé;Plutôt oui;Oui, très faim;Non;5;5X3K;0Y1G;7L7R;7B9M;;;;;;;;;;;;;
0E2X;M;21;1,9;85;23,54570637;Modérée;Non;Non;Tous les jours ou presque;Moyennement;En groupe;3;Oui;Oui;Oui;Peu influencé;Moyennement influencé;Oui,tout à fait;Oui, assez faim;Plutôt non;3;5G9R;0M0L;;;;;;;;;;;;;;;
5G9R;M;21;1,83;75;22,39541342;Importante;Non;Non;Tous les jours ou presque;Très attention;En groupe;3;Oui;Oui;Oui;Pas influencé;Pas influencé;Non, je ne pense pas;Oui, très faim;Plutôt oui;3;0M0L;0E2X;;;;;;;;;;;;;;;
0M0L;M;21;1,75;62;20,24489796;Modérée;Non;Non;Au moins 1 fois par semaine;Moyennement;En groupe;3;Oui;Oui;Oui;Pas influencé;Peu influencé;Non, je ne pense pas;Oui, assez faim;Non;3;5G9R;0E2X;;;;;;;;;;;;;;;
6F8P;F;19;1,62;54;20,57613169;Faible;Non;Non;Au moins 1 fois par semaine;Un peu;En groupe;2;Oui;Oui;Oui;Peu influencé;Peu influencé;Plutôt oui;Oui, très faim;Plutôt oui;3;9D6N;4I6K;;;;;;;;;;;;;;;
4I6K;F;19;1,7;70;24,22145329;Aucune;Non;Non;Je viens pour la première fois;Un peu;En groupe;3;Oui;Oui;Oui;Moyennement influencé;Peu influencé;Non, pas trop;Oui, assez faim;Non;3;9D6N;6F8P;;;;;;;;;;;;;;;
9D6N;M;20;1,72;60;20,2812331;Aucune;Non;Non;Au moins 1 fois par semaine;Un peu;En groupe;3;Oui;Oui;Oui;Pas influencé;Pas influencé;Non, je ne pense pas;Oui, assez faim;Non;3;6F8P;4I6K;;;;;;;;;;;;;;;
5B3U;M;23;1,75;60;19,59183673;Faible;Oui;Oui;Tous les jours ou presque;Moyennement;Seule ;1;Oui;Non;Non;Pas influencé;Très influencé;Plutôt oui;Oui, assez faim;Plutôt oui;1;;;;;;;;;;;;;;;;;
0N3Z;F;19;157;45;0,001825632;Faible;Non;Non;Tous les jours ou presque;Un peu;Seule ;1;Non;Non;Non;Pas influencé;Moyennement influencé;Non, je ne pense pas;Oui, assez faim;Plutôt non;1;;;;;;;;;;;;;;;;;
5A5R;M;32;1,71;76;25,99090318;Faible;Non;Non;Je viens pour la première fois;Moyennement;Seule ;1;Non;Non;Non;Pas influencé;Très influencé;Non, pas trop;Oui, assez faim;Plutôt non;1;;;;;;;;;;;;;;;;;
5S4C;M;31;1,7;60;20,76124567;Importante;Oui;Oui;Tous les jours ou presque ;Moyennement;En groupe;8;Oui;Non;Non;Pas influencé;Très influencé;Non, je ne pense pas ;Oui, assez faim;Plutôt non;3 ?;7R3E;2C5C;;;;;;;;;;;;;;;
5Z4K;M;20;1,75;65;21,2244898;Modérée;Oui;Non;Tous les jours ou presque ;Très attention;En groupe;6;Oui;Oui;Oui;Peu influencé;Très influencé;Non, pas trop;Oui, très faim;Non;4;0U8E;3U7V;7A0X;;;;;;;;;;;;;;
0U8E;M;21;1,87;70;20,01772999;Aucune;Non;Non;Tous les jours ou presque ;Moyennement;En groupe;5;Oui;Oui;Oui;N.A;Très influencé;Non, je ne pense pas ;Oui, mais très peu;Non;4;5Z4K;3U7V;7A0X;;;;;;;;;;;;;;
4M4I;M;25;1,7;71;24,56747405;Faible;Non;Non;Au moins une fois par semaine;Moyennement;En groupe;5;Oui;Non;Non;Pas influencé;Peu influencé;Plutôt oui;Oui, mais très peu;Non;6;9I2L;9I1E;9R1R;8A1R;1F9Y;;;;;;;;;;;;
9I2L;M;24;1,8;75;23,14814815;Modérée;Non;Non;Au moins une fois par semaine;Un peu;En groupe;5;Non;Non;Non;Pas influencé;Peu influencé;Non, pas trop;Oui, assez faim;Plutôt oui;6;9I1E;4M4I;9R1R;8A1R;1F9Y;;;;;;;;;;;;
1F9Y;M;27;1,8;75;23,14814815;Importante;Non;Non;Au moins une fois par semaine;Moyennement;En groupe;6;Oui;Non;Non;Pas influencé;Moyennement influencé;Non, pas trop;Oui, mais très peu;Plutôt non;6;9I1E;9I2L;4M4I;9R1R;8A1R;;;;;;;;;;;;
8A1R;M;41;1,79;73;22,78330889;Modérée;Non;Non;Au moins une fois par semaine;Un peu;En groupe;6;Non;Non;Non;Pas influencé;Moyennement influencé;Non, je ne pense pas ;Oui, assez faim;Plutôt non;6;9I2L;9R1R;9I1E;4M4I;1F9Y;;;;;;;;;;;;
9R1R;M;30;1,7;63;21,79930796;Modérée;Non;Non;Au moins une fois par semaine;Moyennement;En groupe;6;Oui;Oui;Oui;Pas influencé;Très influencé;Plutôt oui;Oui, assez faim;Plutôt oui;6;4M4I;9I2L;8A1R;9I1E;1F9Y;;;;;;;;;;;;
9I1E;M;28;1,73;75;25,05930703;Aucune;Oui;Non;Au moins une fois par semaine;Un peu;En groupe;5;Oui;Non;Non;Pas influencé;Très influencé;Non, pas trop;Oui, assez faim;Plutôt oui;6;9I2L;4M4I;9R1R;8A1R;1F9Y;;;;;;;;;;;;
2N5P;M;18;1,89;77;21,55594748;Faible;Non;Non;Au moins une fois par semaine;Moyennement;En groupe;3;Oui;Oui;Oui;Pas influencé;Très influencé;Non, je ne pense pas ;Oui, assez faim;Non;2;7H7Y;;;;;;;;;;;;;;;;
7H7Y;M;20;1,72;58;19,605192;Faible;Non;Non;Au moins une fois par semaine;Moyennement;En groupe;3;Oui;Oui;Oui;Pas influencé;Très influencé;Non, je ne pense pas ;Oui, mais très peu;Non;2;2N5P;;;;;;;;;;;;;;;;
4D2Z;M;24;1,75;70;22,85714286;Modérée;Non;Non;Tous les jours ou presque ;Moyennement;En groupe;2;Oui;Non;Non;Pas influencé;Peu influencé;Non, je ne pense pas ;Oui, très faim;Plutôt oui;2;3J7B;;;;;;;;;;;;;;;;
3J7B;M;23;1,75;60;19,59183673;Faible;Non;Non;Tous les jours ou presque ;Moyennement;En groupe;2;Oui;Oui;Oui;Pas influencé;Pas influencé;Non, je ne pense pas ;Oui, mais très peu;Non;2;4D2Z;;;;;;;;;;;;;;;;
1U6R;M;23;1,83;65;19,4093583;Modérée;Oui;Oui;Tous les jours ou presque ;Très attention;En groupe;2;Oui;Oui;Oui;Pas influencé;Pas influencé;Plutôt oui;Oui, assez faim;Non;2;8G6G;;;;;;;;;;;;;;;;
7A0X;M;19;1,79;70;21,84700852;Modérée;Non;Non;Tous les jours ou presque ;Moyennement;En groupe;5;Oui;Oui;Oui;Peu influencé;Très influencé;Non, je ne pense pas ;Oui, assez faim;Non;4;3U7V;0U8E;5Z4K;;;;;;;;;;;;;;
3U7V;M;20;1,76;60;19,36983471;Faible;Non;Non;Tous les jours ou presque ;Moyennement;En groupe;5;Oui;Oui;Oui;Peu influencé;Peu influencé;Non, je ne pense pas ;Oui, assez faim;Non;4;7A0X;0U8E;5Z4K;;;;;;;;;;;;;;
3O2U;M;22;1,78;60;18,9370029;Modérée;Non;Non;Tous les jours ou presque ;Très attention;En groupe;2;Oui;Oui;Oui;Moyennement influencé;Très influencé;Non, pas trop;Oui, assez faim;Plutôt oui;2;3V4C;;;;;;;;;;;;;;;;
3V4C;F;22;1,66;55;19,95935549;Faible;Oui;Non;Tous les jours ou presque ;Très attention;En groupe;2;Oui;Oui;Oui;Très influencé;Très influencé;Plutôt oui;Oui, très faim;Plutôt non;2;3O2U;;;;;;;;;;;;;;;;
8G6G;M;23;1,81;80;24,41927902;Modérée;Oui;Non;Tous les jours ou presque ;Moyennement;En groupe;2;Non;Non;Non;Pas influencé;Très influencé;Non, je ne pense pas ;Oui, assez faim;Non;2;1U6R;;;;;;;;;;;;;;;;
4A4Z;M;21;1,86;75;21,6788068;Importante;Non;Non;Au moins une fois par semaine;Moyennement;En groupe;3;N.A;N.A;N.A;Pas influencé;Très influencé;Non, pas trop;Oui, très faim;Non;2;4D8M;;;;;;;;;;;;;;;;
4D8M;M;20;1,78;63;19,88385305;Importante;Non;N.A;Au moins une fois par semaine;Moyennement;En groupe;3;Oui;N.A;N.A;Pas influencé;Pas influencé;Plutôt oui;Oui, très faim;Plutôt non;2;4A4Z;;;;;;;;;;;;;;;;
5U3X;F;23;1,6;48;18,75;Modérée;Non;Non;Tous les jours ou presque ;Moyennement;En groupe;2;Oui;Oui;Oui;Pas influencé;Moyennement influencé;Non, je ne pense pas ;Oui, très faim;Plutôt non;2;4W4Q;;;;;;;;;;;;;;;;
8E1F;F;20;1,77;58;18,51319863;Modérée;Non;Oui;Tous les jours ou presque ;Moyennement;En groupe;3;Oui;Oui;Oui;Peu influencé;Très influencé;Plutôt oui;Oui, assez faim;Plutôt oui;3;2T3H;0S4Y;;;;;;;;;;;;;;;
0S4Y;M;24;1,8;80;24,69135802;Modérée;Non;Non;Tous les jours ou presque ;Un peu;En groupe;3;Oui;Oui;Oui;Pas influencé;Très influencé;Non, je ne pense pas ;Oui, très faim;Plutôt non;3;2T3H;8E1F;;;;;;;;;;;;;;;
8X6E;M;23;1,83;73;21,79820239;Importante;Non;Non;Au moins une fois par semaine;Un peu;Seule;1;Non;Non;Non;Pas influencé;Moyennement influencé;Non, pas trop;Oui, assez faim;Plutôt non;1;;;;;;;;;;;;;;;;;
1T2X;M;23;1,7;55;19,03114187;Faible;Non;Non;Au moins une fois par semaine;Moyennement;Seule;1;Oui;Oui;Non;Pas influencé;Moyennement influencé;Non, je ne pense pas ;Oui, très faim;Plutôt non;1;;;;;;;;;;;;;;;;;
9M5B;M;21;1,74;55;18,16620425;Faible;Non;Non;Au moins une fois par semaine;Pas du tout;En groupe;10;Oui;Oui;Oui;Peu influencé;Très influencé;Non, pas trop;Oui, mais très peu;Plutôt oui;10;3O6U;2R7A;4A7O;0F1W;9B5K;1R9D;1O2T;1W7I;5Q1R;;;;;;;;
1W7I;M;21;1,8;64;19,75308642;Faible;Non;Non;Tous les jours ou presque ;Un peu;En groupe;9;Oui;Oui;Oui;Pas influencé;Moyennement influencé;Non, pas trop;Oui, très faim;Plutôt non;10;4A7O;0F1W;9B5K;1R9D;2R7A;1O2T;9M5B;3O6U;5Q1R;;;;;;;;
3O6U;F;21;1,75;70;22,85714286;Modérée;Non;Non;Au moins une fois par semaine;Pas du tout;En groupe;10;Oui;Oui;Oui;Pas influencé;Moyennement influencé;Non, je ne pense pas ;Oui, assez faim;Plutôt non;10;4A7O;0F1W;9B5K;1R9D;2R7A;1O2T;9M5B;1W7I;5Q1R;;;;;;;;
4O8C;M;21;1,84;66;19,49432892;Faible;Non;Non;Tous les jours ou presque ;Moyennement;En groupe;8;Oui;Oui;Oui;Pas influencé;Très influencé;Non, pas trop;Oui, assez faim;Non;14;1Y7U;2J2X;8Q9F;9X1Z;0H5L;1S8D;7N0N;3S5G;1A9V;6A4U;4R8R;9C8Y;7R7Y;;;;
1Y7U;F;20;1,58;52;20,82999519;Modérée;Oui;Non;Tous les jours ou presque ;Un peu;En groupe;8;Oui;Oui;Oui;Peu influencé;Très influencé;Non, je ne pense pas ;Oui, assez faim;Plutôt oui;14;4O8C;2J2X;8Q9F;9X1Z;0H5L;1S8D;7N0N;3S5G;1A9V;6A4U;4R8R;9C8Y;7R7Y;;;;
1S8D;M;21;1,69;55;19,25702882;Aucune;Non;Non;Tous les jours ou presque ;Un peu;En groupe;13;Oui;Oui;Oui;Pas influencé;Moyennement influencé;Non, pas trop;Oui, très faim;Plutôt non;14;0H5L;9X1Z;8Q9F;4O8C;2J2X;1Y7U;1A9V;3S5G;7N0N;6A4U;4R8Q;7R7Y;9C8Y;;;;
0H5L;F;21;1,71;56;19,15119182;Modérée;Non;Non;Tous les jours ou presque ;Moyennement;En groupe;4;Non;Non;Non;Pas influencé;Pas influencé;Non, pas trop;Oui, très faim;Plutôt oui;14;4O8C;1Y7U;2J2X;8Q9F;9X1Z;1S8D;7N0N;3S5G;1A9V;6A4U;4R8R;9C8Y;7R7Y;;;;
9X1Z;F;22;1,68;56;19,84126984;Modérée;Non;Non;Tous les jours ou presque ;Moyennement;En groupe;16;Non;Non;Non;Pas influencé;Moyennement influencé;Non, pas trop;Oui, assez faim;Plutôt oui;14;4O8C;1Y7U;2J2X;8Q9F;0H5L;1S8D;7N0N;3S5G;1A9V;6A4U;4R8R;9C8Y;7R7Y;;;;
2J2X;F;20;1,53;50;21,35930625;Modérée;Non;Non;Au moins une fois par semaine;Moyennement;En groupe;6;Oui;Oui;Oui;Peu influencé;Très influencé;Non, pas trop;Oui, très faim;Plutôt oui;14;4O8C;1Y7U;8Q9F;9X1Z;0H5L;1S8D;7N0N;3S5G;1A9V;6A4U;4R8R;9C8Y;7R7Y;;;;
8Q9F;F;20;1,61;53;20,44674202;Aucune;Oui;Oui;Tous les jours ou presque ;Un peu;En groupe;13;Oui;Oui;Oui;Pas influencé;Moyennement influencé;Non, pas trop;Oui, assez faim;Plutôt oui;14;4O8C;1Y7U;2J2X;9X1Z;0H5L;1S8D;7N0N;3S5G;1A9V;6A4U;4R8R;9C8Y;7R7Y;;;;
2W0S;M;21;1,81;79;24,11403803;Faible;Non;Non;Tous les jours ou presque ;Un peu;En groupe;2;Oui;Oui;Oui;Pas influencé;Moyennement influencé;Non, je ne pense pas ;Oui, mais très peu;Non;2;7N2C;;;;;;;;;;;;;;;;
4U3U;M;23;1,78;71;22,40878677;Importante;Non;Non;Tous les jours ou presque ;Très attention;Seule;1;Oui;Non;Non;Pas influencé;Très influencé;Plutôt oui;Oui, assez faim;Non;1;;;;;;;;;;;;;;;;;
8G5E;M;20;1,7;59;20,41522491;Importante;Non;Non;Tous les jours ou presque ;Moyennement;En groupe;2;Oui;Oui;Oui;Pas influencé;Moyennement influencé;Non, pas trop;Oui, assez faim;Plutôt non;N.A;;;;;;;;;;;;;;;;;
3V0A;M;24;1,9;83;22,99168975;Modérée;Non;Non;Tous les jours ou presque ;Moyennement;Seule;1;Non;Non;Non;Pas influencé;Peu influencé;Non, je ne pense pas ;Oui, assez faim;Plutôt non;1;;;;;;;;;;;;;;;;;
6C3U;M;19;1,73;70;23,38868656;Modérée;Non;Non;Tous les jours ou presque ;Moyennement;En groupe;7;Oui;Oui;Oui;Pas influencé;Très influencé;Non, je ne pense pas ;Oui, très faim;Plutôt non;7;3K9G;5F9Z;4D2Y;6G4G;0Y5X;3Y2G;;;;;;;;;;;
6G4G;M;19;1,7;67;23,183391;Modérée;Non;Non;Tous les jours ou presque ;Un peu;En groupe;7;Oui;Oui;Oui;Pas influencé;Très influencé;Non, je ne pense pas ;Oui, assez faim;Non;7;3K9G;4D2Y;6C3U;5F9Z;3Y2G;0Y5X;;;;;;;;;;;
5F9Z;M;21;1,88;65;18,39067451;Modérée;Oui;Non;Tous les jours ou presque ;Moyennement;En groupe;7;Oui;Oui;Oui;Pas influencé;Très influencé;Non, je ne pense pas ;Oui, très faim;Plutôt oui;7;6C3U;3K9G;6G4G;0Y5X;3Y2G;4D2Y;;;;;;;;;;;
4D2Y;M;21;1,7;63;21,79930796;Faible;Non;Non;Tous les jours ou presque ;Très attention;Seule;1;Oui;Non;Non;Pas influencé;Pas influencé;Non, je ne pense pas ;Oui, assez faim;Non;7;3K9G;5F9Z;0Y5X;3Y2G;6C3U;6G4G;;;;;;;;;;;
0Y5X;M;21;1,83;75;22,39541342;Importante;Non;Non;Tous les jours ou presque ;Moyennement;En groupe;10;Oui;Oui;Oui;Pas influencé;Très influencé;Non, je ne pense pas ;Oui, mais très peu;Non;7;4D2Y;3Y2G;6G4G;3K9G;6C3U;5F9Z;;;;;;;;;;;
3K9G;M;21;1,85;73;21,32943755;Importante;Non;Non;Tous les jours ou presque ;Un peu;En groupe;7;Oui;Non;Non;Pas influencé;Très influencé;Non, je ne pense pas ;Oui, très faim;Plutôt non;7;5F9Z;6C3U;3Y2G;6G4G;4D2Y;0Y5X;;;;;;;;;;;
3Y2G;M;21;1,8;70;21,60493827;Faible;Oui;Oui;Tous les jours ou presque ;Très attention;En groupe;7;Oui;Non;Non;Pas influencé;Pas influencé;Non, je ne pense pas ;Oui, assez faim;Plutôt oui;7;0Y5X;4D2Y;6C3U;5F9Z;3K9G;6G4G;;;;;;;;;;;
2Z9H;F;19;1,63;60;22,58270917;Faible;Non;Non;Tous les jours ou presque ;Un peu;En groupe;2;Oui;Oui;Oui;Peu influencé;Moyennement influencé;Plutôt oui;Oui, assez faim;Plutôt non;4;8N8Q;9G6O;4W2W;;;;;;;;;;;;;;
4P8C;F;25;1,65;50;18,36547291;Modérée;Non;Non;Tous les jours ou presque ;Moyennement;En groupe;5;Oui;Oui;Oui;Pas influencé;Très influencé;Non, je ne pense pas ;Oui, assez faim;Non;5;5L7H;5Q8S;1V0X;5W0Z;;;;;;;;;;;;;
5Q8S;M;31;1,86;89;25,7255174;Modérée;Non;Non;Tous les jours ou presque ;Un peu;En groupe;5;Oui;Oui;Oui;Peu influencé;Peu influencé;Non, je ne pense pas ;Oui, assez faim;Non;5;5L7H;1V0X;5W0Z;4P8C;;;;;;;;;;;;;
5L7H;M;27;1,78;72;22,72440348;Modérée;Oui;Non;Au moins une fois par semaine;Pas du tout;En groupe;5;Oui;Non;Non;Pas influencé;Pas influencé;Oui, tout à fait;Oui, assez faim;Oui, très;5;5Q8S;1V0X;5W0Z;4P8C;;;;;;;;;;;;;
5W0Z;M;27;1,71;70;23,93898977;Modérée;Non;Non;Tous les jours ou presque ;Moyennement;En groupe;5;Non;Non;Non;Peu influencé;Très influencé;Non, je ne pense pas ;Oui, très faim;Plutôt oui;5;1V0X;4P8C;5Q8S;5L7H;;;;;;;;;;;;;
1V0X;M;24;1,7;71;24,56747405;Importante;Non;Non;Au moins une fois par semaine;Très attention;En groupe;5;Oui;Non;Non;Pas influencé;Pas influencé;Non, je ne pense pas ;Oui, très faim;Plutôt non;5;4P8C;5Q8S;5L7H;5W0Z;;;;;;;;;;;;;
7V3K;M;20;1,78;65;20,51508648;Faible;Non;Non;Tous les jours ou presque ;Moyennement;En groupe;6;Oui;Oui;Oui;Peu influencé;Très influencé;Plutôt oui;Oui, assez faim;Non;2;2I7P;;;;;;;;;;;;;;;;
2I7P;M;20;1,8;73;22,5308642;Modérée;Non;Non;Tous les jours ou presque ;Moyennement;En groupe;2;Oui;Oui;Oui;Peu influencé;Moyennement influencé;Non, je ne pense pas ;Oui, très faim;Plutôt oui;2;7V3K;;;;;;;;;;;;;;;;
9C8Y;M;22;1,78;78;24,61810377;Modérée;Non;Non;Tous les jours ou presque ;Moyennement;En groupe;9;Oui;Oui;Oui;Pas influencé;Moyennement influencé;Plutôt oui;Oui, assez faim;Plutôt non;14;4O8C;1Y7U;2J2X;8Q9F;9X1Z;0H5L;1S8D;7N0N;3S5G;1A9V;6A4U;4R8R;7R7Y;;;;
6A4U;M;22;1,75;50;16,32653061;Modérée;Non;Non;Tous les jours ou presque ;Moyennement;En groupe;15;Oui;Oui;Oui;Pas influencé;Moyennement influencé;Oui, tout à fait;Oui, très faim;Plutôt non;14;4O8C;1Y7U;2J2X;8Q9F;9X1Z;0H5L;1S8D;7N0N;3S5G;1A9V;4R8R;7R7Y;9C8Y;;;;
3S5G;F;21;1,63;55;20,70081674;Faible;Non;Non;Tous les jours ou presque ;Un peu;En groupe;10;Oui;Oui;Oui;Peu influencé;Très influencé;Non, pas trop;Oui, très faim;Non;14;4O8C;1Y7U;2J2X;8Q9F;9X1Z;0H5L;1S8D;7N0N;1A9V;6A4U;4R8R;7R7Y;9C8Y;;;;
7N0N;F;22;1,58;50;20,02884153;Faible;Non;Non;Tous les jours ou presque ;Moyennement;En groupe;15;Oui;Oui;Oui;Peu influencé;Moyennement influencé;Plutôt oui;Oui, mais très peu;Plutôt oui;14;4O8C;1Y7U;2J2X;8Q9F;9X1Z;0H5L;1S8D;3S5G;1A9V;6A4U;4R8R;7R7Y;9C8Y;;;;
1A9V;M;21;1,74;65;21,46915048;Aucune;Non;Non;Au moins une fois par semaine;Un peu;En groupe;8;Oui;Oui;Oui;Pas influencé;Pas influencé;Non, je ne pense pas ;Oui, mais très peu;Plutôt non;14;4O8C;1Y7U;2J2X;8Q9F;9X1Z;0H5L;1S8D;7N0N;3S5G;6A4U;4R8R;7R7Y;9C8Y;;;;
4R8R;M;22;1,85;80;23,37472608;Modérée;Non;Non;Tous les jours ou presque ;Un peu;En groupe;9;Oui;Oui;Oui;Moyennement influencé;Très influencé;Plutôt oui;Oui, mais très peu;Plutôt non;14;4O8C;1Y7U;2J2X;8Q9F;9X1Z;0H5L;1S8D;7N0N;3S5G;1A9V;6A4U;7R7Y;9C8Y;;;;
7R7Y;F;22;1,69;61;21,3577956;Importante;Non;Non;Au moins une fois par semaine;Moyennement;En groupe;9;Oui;Oui;Oui;Moyennement influencé;Très influencé;Plutôt oui;Oui, mais très peu;Plutôt oui;14;4O8C;1Y7U;2J2X;8Q9F;9X1Z;0H5L;1S8D;7N0N;3S5G;1A9V;6A4U;4R8R;9C8Y;;;;
2U9G;M;21;1,75;75;24,48979592;Modérée;Non;Non;Tous les jours ou presque ;Très attention;En groupe;2;Non;Non;Non;Peu influencé;Peu influencé;Plutôt oui;Oui, très faim;Non;2;9Y7K;;;;;;;;;;;;;;;;
9Y7K;F;19;1,64;53;19,70553242;Modérée;Oui;Non;Tous les jours ou presque ;Très attention;En groupe;2;Non;Non;Non;Peu influencé;Moyennement influencé;Non, pas trop;Oui, très faim;Non;2;2U9G;;;;;;;;;;;;;;;;
3X3L;F;25;1,68;56;19,84126984;Modérée;Non;Non;Tous les jours ou presque ;Très attention;En groupe;5;Non;Non;Non;Pas influencé;Moyennement influencé;Non, je ne pense pas ;Oui, assez faim;Non;3;1F7A;0R1F;;;;;;;;;;;;;;;
1F7A;M;24;1,79;78;24,34380949;Faible;Non;Non;Au moins une fois par semaine;Très attention;En groupe;5;Oui;Oui;Oui;Moyennement influencé;Moyennement influencé;Non, je ne pense pas ;Oui, assez faim;Plutôt oui;3;0R1F;3X3L;;;;;;;;;;;;;;;
0R1F;M;25;1,75;66;21,55102041;Faible;Oui;Non;Tous les jours ou presque ;Un peu;En groupe;5;Oui;Oui;Oui;Pas influencé;Très influencé;Plutôt oui;Oui, très faim;Non;3;3X3L;1F7A;;;;;;;;;;;;;;;
7F5T;F;21;1,58;50;20,02884153;N.A;Oui;Oui;Tous les jours ou presque ;Un peu;En groupe;5;Oui;Oui;Oui;Pas influencé;Moyennement influencé;Non, je ne pense pas ;Oui, très faim;Plutôt non;5;0A5K;1B0U;2P1V;0O3R;;;;;;;;;;;;;
2P1V;F;21;1,66;58;21,04804761;Faible;Oui;Oui;Tous les jours ou presque ;Très attention;En groupe;5;Oui;Oui;Oui;Très influencé;Peu influencé;Non, je ne pense pas ;Oui, assez faim;Plutôt oui;5;1B0U;0A5K;7F5T;0O3R;;;;;;;;;;;;;
1B0U;M;22;1,83;68;20,30517483;Modérée;Non;Oui;Tous les jours ou presque ;Très attention;En groupe;5;Oui;Oui;Oui;Peu influencé;Très influencé;Non, je ne pense pas ;Oui, assez faim;Plutôt non;5;2P1V;0A5K;7F5T;0O3R;;;;;;;;;;;;;
0O3R;F;21;1,7;57;19,72318339;Modérée;Non;Oui;Tous les jours ou presque ;Moyennement;En groupe;5;Oui;Oui;Oui;Peu influencé;Très influencé;Non, pas trop;Oui, très faim;Plutôt non;5;1B0U;7F5T;0A5K;2P1V;;;;;;;;;;;;;
0A5K;F;21;1,7;57;19,72318339;Faible;Oui;Oui;Tous les jours ou presque ;Très attention;En groupe;5;Oui;Oui;Oui;Peu influencé;Très influencé;Non, je ne pense pas ;Oui, assez faim;Non;5;2P1V;0O3R;7F5T;1B0U;;;;;;;;;;;;;
5I5D;F;20;1,69;53;18,55677322;Modérée;Oui;Oui;Tous les jours ou presque ;Moyennement;En groupe;5;Oui;Oui;Oui;Moyennement influencé;Moyennement influencé;Non, je ne pense pas ;Oui, très faim;Plutôt non;3;1O0R;3V9C;;;;;;;;;;;;;;;
1O0R;M;19;1,72;65;21,97133586;Modérée;Non;Non;Tous les jours ou presque ;Moyennement;En groupe;5;Oui;Oui;Oui;Peu influencé;Très influencé;Non, pas trop;Oui, très faim;Plutôt oui;3;3V9C;5I5D;;;;;;;;;;;;;;;
3C4H;F;21;1,6;48;18,75;Modérée;Non;Non;Au moins une fois par semaine;Très attention;En groupe;5;Oui;Oui;Oui;Pas influencé;Pas influencé;Non, je ne pense pas ;Oui, assez faim;Oui, très;N.A;;;;;;;;;;;;;;;;;
0H2B;M;20;1,86;75;21,6788068;Modérée;Non;Non;Au moins une fois par semaine;Un peu;En groupe;6;Oui;Oui;Oui;Pas influencé;Très influencé;Plutôt oui;Oui, assez faim;Non;3;4S3S;1J8K;;;;;;;;;;;;;;;
1J8K;M;23;1,64;61;22,67995241;Importante;Oui;Oui;Au moins une fois par semaine;Très attention;En groupe;5;Oui;Oui;Oui;Peu influencé;Moyennement influencé;Non, je ne pense pas ;Oui, assez faim;Plutôt non;3;4S3S;0H2B;;;;;;;;;;;;;;;
4S3S;F;21;1,585;51;20,30072943;Faible;Non;Non;Au moins une fois par semaine;Un peu;En groupe;5;Oui;Oui;Oui;Pas influencé;Moyennement influencé;Non, je ne pense pas ;Oui, très faim;Plutôt non;3;1J8K;0H2B;;;;;;;;;;;;;;;
9Q5A;M;20;1,8;72;22,22222222;Importante;Non;Non;Tous les jours ou presque ;Moyennement;En groupe;2;Oui;Oui;Oui;Pas influencé;Très influencé;Non, je ne pense pas ;Oui, très faim;Non;2;7Y5A;;;;;;;;;;;;;;;;
7Y5A;M;21;1,76;62;20,01549587;Faible;Non;Non;Je viens pour la première fois;Moyennement;En groupe;2;Oui;Oui;Oui;Pas influencé;Pas influencé;Non, je ne pense pas ;Non;Non;2;9Q5A;;;;;;;;;;;;;;;;
9O9K;M;20;1,75;58;18,93877551;Importante;Oui;Non;Tous les jours ou presque ;Un peu;En groupe;2;Oui;Oui;Oui;Pas influencé;Très influencé;Non, pas trop;Oui, mais très peu;Non;2;0N9P;;;;;;;;;;;;;;;;
0N9P;M;20;1,89;70;19,59631589;Importante;Non;Non;Tous les jours ou presque ;Un peu;En groupe;2;Oui;Oui;Oui;Pas influencé;Très influencé;Non, je ne pense pas ;Oui, assez faim;Non;2;9O9K;;;;;;;;;;;;;;;;
4W2W;M;18;1,7;55;19,03114187;Faible;Non;Non;Tous les jours ou presque ;Très attention;Seule;1;Non;Non;Non;Pas influencé;Peu influencé;Non, je ne pense pas ;Oui, mais très peu;Plutôt oui;4;9G6O;8N8Q;2Z9H;;;;;;;;;;;;;;
8N8Q;M;20;1,79;68;21,22280828;Faible;Oui;Non;Tous les jours ou presque ;Moyennement;En groupe;3;Non;Non;Non;Pas influencé;Très influencé;Non, pas trop;Oui, mais très peu;Plutôt oui;4;9G6O;4W2W;2Z9H;;;;;;;;;;;;;;
9G6O;M;23;1,8;69;21,2962963;Faible;Non;Non;Au moins une fois par semaine;Moyennement;En groupe;3;Oui;Non;Non;Peu influencé;Très influencé;Plutôt oui;Oui, assez faim;Plutôt non;4;8N8Q;4W2W;2Z9H;;;;;;;;;;;;;;
6F0E;F;20;1,72;65;21,97133586;Importante;Oui;Non;Tous les jours ou presque ;Moyennement;En groupe;3;Non;Non;Non;Pas influencé;Moyennement influencé;Plutôt oui;Oui, mais très peu;Non;2;0T3B;;;;;;;;;;;;;;;;
0T3B;M;21;1,8;70;21,60493827;Importante;Non;Non;Tous les jours ou presque ;Moyennement;En groupe;3;Oui;Oui;Oui;Peu influencé;Pas influencé;Non, je ne pense pas ;Oui, mais très peu;Plutôt oui;2;6F0E;;;;;;;;;;;;;;;;
6T0P;M;20;1,78;60;18,9370029;Importante;Oui;Non;Tous les jours ou presque ;Très attention;En groupe;3;Oui;Non;Non;Pas influencé;Moyennement influencé;Plutôt oui;Oui, assez faim;Non;N.A;;;;;;;;;;;;;;;;;
8X7O;M;22;1,72;80;27,04164413;Modérée;Non;Non;Au moins une fois par semaine;Moyennement;Seule;1;Oui;Non;Non;Moyennement influencé;Peu influencé;Non, je ne pense pas ;Oui, assez faim;Plutôt non;1;;;;;;;;;;;;;;;;;
2F8S;M;22;1,8;67;20,67901235;Faible;Oui;Oui;Tous les jours ou presque ;Très attention;En groupe;4;Oui;Non;Non;Peu influencé;Très influencé;Oui, tout à fait;Oui, très faim;Oui, très;2;2W6P;;;;;;;;;;;;;;;;
2W6P;M;22;1,96;73;19,00249896;Modérée;Non;Non;Tous les jours ou presque ;Moyennement;En groupe;2;Oui;Oui;Oui;Pas influencé;Moyennement influencé;Non, je ne pense pas ;Oui, assez faim;Plutôt non;2;2F8S;;;;;;;;;;;;;;;;
4A7O;M;25;1,7;80;27,6816609;Faible;Non;Non;Tous les jours ou presque ;Un peu;En groupe;10;Oui;Oui;Oui;Moyennement influencé;Très influencé;Non, je ne pense pas ;Oui, assez faim;Non;10;0F1W;9B5K;2R7A;3O6U;9M5B;5Q1R;1W7I;1O2T;1R9D;;;;;;;;
9B5K;M;25;1,9;75;20,77562327;Modérée;Oui;Non;Au moins une fois par semaine;Moyennement;En groupe;5;Oui;Oui;Oui;Peu influencé;Très influencé;Plutôt oui;Oui, mais très peu;Plutôt non;10;4A7O;0F1W;1R9D;2R7A;5Q1R;1O2T;5Q1R;3O6U;9M5B;;;;;;;;
0F1W;F;23;1,73;56;18,71094925;Modérée;Non;Non;Au moins une fois par semaine;Moyennement;En groupe;10;Oui;Oui;Oui;Peu influencé;Pas influencé;Non, pas trop;Oui, assez faim;Plutôt oui;10;4A7O;9B5K;1R9D;2R7A;3O6U;9M5B;5Q1R;1W7I;1O2T;;;;;;;;
1O2T;M;24;1,85;75;21,9138057;Faible;Non;Non;Au moins une fois par semaine;Un peu;En groupe;10;Oui;Oui;Oui;Pas influencé;Moyennement influencé;Non, je ne pense pas ;Oui, mais très peu;Non;10;4A7O;9B5K;1R9D;2R7A;3O6U;9M5B;5Q1R;1W7I;0F1W;;;;;;;;
2R7A;M;23;1,83;79,9;23,85858043;Faible;Non;Non;Au moins une fois par semaine;Pas du tout;En groupe;10;Oui;Oui;Oui;Peu influencé;Peu influencé;Non, je ne pense pas ;Oui, assez faim;Oui, très;10;4A7O;9B5K;1R9D;0F1W;3O6U;9M5B;5Q1R;1W7I;1O2T;;;;;;;;
1R9D;M;22;1,72;82;27,71768524;Modérée;Oui;Non;Au moins une fois par semaine;Pas du tout;En groupe;9;Non;Non;Non;Peu influencé;Très influencé;Plutôt oui;Oui, très faim;Plutôt non;10;9B5K;0F1W;2R7A;4A7O;3O6U;9M5B;5Q1R;1W7I;1O2T;;;;;;;;
5Q1R;F;25;1,7;72;24,91349481;Modérée;Non;Non;Au moins une fois par semaine;Moyennement;Seule;1;Oui;Oui;Non;Peu influencé;Très influencé;Non, pas trop;Oui, très faim;Plutôt non;10;9M5B;3O6U;2R7A;4A7O;0F1W;9B5K;1R9D;1O2T;1W7I;;;;;;;;
1B3G;M;19;1,78;81;25,56495392;Modérée;Non;Non;Tous les jours ou presque ;Pas du tout;En groupe;3;Oui;Oui;Oui;Pas influencé;Très influencé;Non, pas trop;Oui, assez faim;Non;3;1W3S;7T4X;;;;;;;;;;;;;;;
1W3S;M;20;1,73;64;21,383942;Importante;Non;Non;Tous les jours ou presque ;Moyennement;En groupe;3;Oui;Oui;Oui;Pas influencé;Peu influencé;Non, je ne pense pas ;Oui, assez faim;Plutôt non;3;1B3G;7T4X;;;;;;;;;;;;;;;
7T4X;M;19;1,76;70;22,5981405;Importante;Non;Non;Tous les jours ou presque ;Pas du tout;En groupe;3;Oui;Oui;Oui;Pas influencé;Pas influencé;Non, je ne pense pas ;Oui, assez faim;Non;3;1B3G;1W3S;;;;;;;;;;;;;;;
9Z3C;M;21;1,75;61;19,91836735;Modérée;Oui;Oui;Tous les jours ou presque ;Très attention;En groupe;5;Oui;Oui;Oui;Moyennement influencé;Moyennement influencé;Non, je ne pense pas ;Oui, assez faim;Plutôt non;5;6T3K;6R1H;4G8T;8W1B;;;;;;;;;;;;;
6R1H;F;21;1,75;60;19,59183673;Modérée;Non;Non;Tous les jours ou presque ;Très attention;En groupe;5;Oui;N.A;N.A;Moyennement influencé;Très influencé;Non, je ne pense pas ;Oui, assez faim;Non;5;9Z3C;8W1B;6T3K;4G8T;;;;;;;;;;;;;
4G8T;F;21;1,75;55;17,95918367;Modérée;Non;Non;Au moins une fois par semaine;Moyennement;En groupe;5;Oui;Oui;Oui;Pas influencé;Moyennement influencé;Non, pas trop;Oui, mais très peu;Non;5;6R1H;9Z3C;6T3K;8W1B;;;;;;;;;;;;;
8W1B;F;22;1,7;57;19,72318339;Modérée;Oui;Oui;Au moins une fois par semaine;Moyennement;En groupe;5;Oui;Oui;Oui;Moyennement influencé;Moyennement influencé;Non, pas trop;Oui, mais très peu;Oui, très;5;6T3K;6R1H;9Z3C;4G8T;;;;;;;;;;;;;
5C9D;F;21;1,73;72;24,05693475;Modérée;Oui;Oui;Tous les jours ou presque ;Très attention;En groupe;2;Oui;Oui;Oui;Pas influencé;Moyennement influencé;Non, pas trop;Non;Plutôt non;2;0G1P;;;;;;;;;;;;;;;;
0G1P;F;21;1,66;54;19,59645812;Modérée;Non;Oui;Tous les jours ou presque ;Très attention;En groupe;2;Oui;Oui;Oui;Moyennement influencé;Moyennement influencé;Non, je ne pense pas ;Oui, mais très peu;Non;2;5C9D;;;;;;;;;;;;;;;;
8Z9E;M;28;1,76;70;22,5981405;Modérée;Non;Non;Au moins une fois par semaine;Moyennement;Seule;1;Oui;Oui;Non;Très influencé;Peu influencé;Oui, tout à fait;Oui, mais très peu;Oui, très;3;5Y3W;9W3F;;;;;;;;;;;;;;;
5Y3W;F;27;1,48;46;21,00073046;Modérée;Non;Non;Au moins une fois par semaine;Moyennement;En groupe;2;Oui;Oui;Oui;Moyennement influencé;Très influencé;Oui, tout à fait;Oui, assez faim;Plutôt oui;3;8Z9E;9W3F;;;;;;;;;;;;;;;
9W3F;M;32;1,82;79;23,8497766;Faible;Non;Non;Au moins une fois par semaine;Très attention;En groupe;2;Oui;Oui;Oui;Pas influencé;Moyennement influencé;Non, pas trop;Oui, très faim;Non;3;5Y3W;8Z9E;;;;;;;;;;;;;;;
3E3Y;M;22;1,8;70;21,60493827;Modérée;Non;Non;Tous les jours ou presque ;Très attention;En groupe;4;Oui;Oui;Oui;Très influencé;Moyennement influencé;Non, je ne pense pas ;Oui, très faim;Non;N.A;;;;;;;;;;;;;;;;;
4G9N;M;22;1,77;75;23,93948099;Aucune;Non;Non;Tous les jours ou presque ;Pas du tout;En groupe;3;Oui;Oui;Oui;Moyennement influencé;Très influencé;Plutôt oui;Oui, assez faim;Oui, très;3;3S3F;0X6C;;;;;;;;;;;;;;;
6C0S;M;23;1,64;71;26,39797739;Aucune;Non;Non;Tous les jours ou presque ;Un peu;En groupe;3;Oui;Oui;Oui;Pas influencé;Moyennement influencé;Plutôt oui;Oui, assez faim;Plutôt non;N.A;;;;;;;;;;;;;;;;;
3S3F;M;22;1,72;75;25,35154137;Faible;Oui;Non;Tous les jours ou presque ;Moyennement;En groupe;3;Oui;Oui;Oui;Peu influencé;Peu influencé;Non, pas trop;Oui, assez faim;Plutôt non;3;0X6C;4G9N;;;;;;;;;;;;;;;
0I6B;M;21;1,85;70;20,45288532;Importante;Non;Non;Tous les jours ou presque ;Très attention;En groupe;2;Oui;Oui;Oui;Pas influencé;Peu influencé;Non, je ne pense pas ;Oui, mais très peu;Plutôt oui;2;3V6V;;;;;;;;;;;;;;;;
3V6V;M;21;1,8;50;15,43209877;Faible;Non;Non;Tous les jours ou presque ;Très attention;En groupe;2;Oui;Oui;Oui;Pas influencé;Peu influencé;Non, je ne pense pas ;Oui, mais très peu;Plutôt oui;2;0I6B;;;;;;;;;;;;;;;;
;;;;;;;;;;;;;;;;;;;;;;;;;;;;;;;;;;;;;;
9D6N;;;;;;;;;;;;;;;;;;;;;;;;;;;;;;;;;;;;;;
5A5R;;;;;;;;;;;;;;;;;;;;;;;;;;;;;;;;;;;;;;
8S7L;;;;;;;;;;;;;;;;;;;;;;;;;;;;;;;;;;;;;;
4C3L;;;;;;;;;;;;;;;;;;;;;;;;;;;;;;;;;;;;;;
8N6P;;;;;;;;;;;;;;;;;;;;;;;;;;;;;;;;;;;;;;
1C5X;;;;;;;;;;;;;;;;;;;;;;;;;;;;;;;;;;;;;;
0N3Z;;;;;;;;;;;;;;;;;;;;;;;;;4O8C;1Y7U;2J2X;8Q9F;9X1Z;0H5L;1S8D;7N0N;3S5G;1A9V;6A4U;4R8R;9C8Y;7R7Y
7Y5A;;;;;;;;;;;;;;;;;;;;;;;;;;;;;;;;;;;;;;
7B2H;;;;;;;;;;;;;;;;;;;;;;;;;;;;;;;;;;;;;;
9Q5A;;;;;;;;;;;;;;;;;;;;;;;;;;;;;;;;;;;;;;
3E1Q;;;;;;;;;;;;;;;;;;;;;;;;;;;;;;;;;;;;;;
3N5Y;;;;;;;;;;;;;;;;;;;;;;;;;;;;;;;;;;;;;;
5LOV;;;;;;;;;;;;;;;;;;;;;;;;;;;;;;;;;;;;;;
2Q8X;;;;;;;;;;;;;;;;;;;;;;;;;;;;;;;;;;;;;;
2L4N;;;;;;;;;;;;;;;;;;;;;;;;;;;;;;;;;;;;;;
0Y1G;;;;;;;;;;;;;;;;;;;;;;;;;;;;;;;;;;;;;;
5C2M;;;;;;;;;;;;;;;;;;;;;;;;;;;;;;;;;;;;;;
1J6P;;;;;;;;;;;;;;;;;;;;;;;;;;;;;;;;;;;;;;
2K9I;;;;;;;;;;;;;;;;;;;;;;;;;;;;;;;;;;;;;;
9W30;;;;;;;;;;;;;;;;;;;;;;;;;;;;;;;;;;;;;;
6T3Q;;;;;;;;;;;;;;;;;;;;;;;;;;;;;;;;;;;;;;
2O7S;;;;;;;;;;;;;;;;;;;;;;;;;;;;;;;;;;;;;;
5U3X;;;;;;;;;;;;;;;;;;;;;;;;;;;;;;;;;;;;;;
5G9R;;;;;;;;;;;;;;;;;;;;;;;;;;;;;;;;;;;;;;
0M0L;;;;;;;;;;;;;;;;;;;;;;;;;;;;;;;;;;;;;;
8K6W;;;;;;;;;;;;;;;;;;;;;;;;;;;;;;;;;;;;;;
0E2X;;;;;;;;;;;;;;;;;;;;;;;;;;;;;;;;;;;;;;
0S4Y;;;;;;;;;;;;;;;;;;;;;;;;;;;;;;;;;;;;;;
2T3H;;;;;;;;;;;;;;;;;;;;;;;;;;;;;;;;;;;;;;
8E1F;;;;;;;;;;;;;;;;;;;;;;;;;;;;;;;;;;;;;;
6M1O;;;;;;;;;;;;;;;;;;;;;;;;;;;;;;;;;;;;;;
2W1G;;;;;;;;;;;;;;;;;;;;;;;;;;;;;;;;;;;;;;
5Q8O;;;;;;;;;;;;;;;;;;;;;;;;;;;;;;;;;;;;;;
8X6E;;;;;;;;;;;;;;;;;;;;;;;;;;;;;;;;;;;;;;
5S7A;;;;;;;;;;;;;;;;;;;;;;;;;;;;;;;;;;;;;;
6E4S;;;;;;;;;;;;;;;;;;;;;;;;;;;;;;;;;;;;;;
5B3U;;;;;;;;;;;;;;;;;;;;;;;;;;;;;;;;;;;;;;
5S4C;;;;;;;;;;;;;;;;;;;;;;;;;;;;;;;;;;;;;;
3K9G;;;;;;;;;;;;;;;;;;;;;;;;;;;;;;;;;;;;;;
6G4G;;;;;;;;;;;;;;;;;;;;;;;;;;;;;;;;;;;;;;
7F1D;;;;;;;;;;;;;;;;;;;;;;;;;;;;;;;;;;;;;;
5F9Z;;;;;;;;;;;;;;;;;;;;;;;;;;;;;;;;;;;;;;
;;;;;;;;;;;;;;;;;;;;;;;;;;;;;;;;;;;;;;
7R3E;;;;;;;;;;;;;;;;;;;;;;;;;;;;;;;;;;;;;;
6C3U;;;;;;;;;;;;;;;;;;;;;;;;;;;;;;;;;;;;;;
8S7P;;;;;;;;;;;;;;;;;;;;;;;;;;;;;;;;;;;;;;
0Y5X;;;;;;;;;;;;;;;;;;;;;;;;;;;;;;;;;;;;;;
3Q5T;;;;;;;;;;;;;;;;;;;;;;;;;;;;;;;;;;;;;;
9I2L;;;;;;;;;;;;;;;;;;;;;;;;;;;;;;;;;;;;;;
5Q0Y;;;;;;;;;;;;;;;;;;;;;;;;;;;;;;;;;;;;;;
7V9Y;;;;;;;;;;;;;;;;;;;;;;;;;;;;;;;;;;;;;;
1I3P;;;;;;;;;;;;;;;;;;;;;;;;;;;;;;;;;;;;;;
7F0W;;;;;;;;;;;;;;;;;;;;;;;;;;;;;;;;;;;;;;
8X0N;;;;;;;;;;;;;;;;;;;;;;;;;;;;;;;;;;;;;;
3X3L;;;;;;;;;;;;;;;;;;;;;;;;;;;;;;;;;;;;;;
8T1Q;;;;;;;;;;;;;;;;;;;;;;;;;;;;;;;;;;;;;;
OR1F;;;;;;;;;;;;;;;;;;;;;;;;;;;;;;;;;;;;;;
1F7A;;;;;;;;;;;;;;;;;;;;;;;;;;;;;;;;;;;;;;
7E5H;;;;;;;;;;;;;;;;;;;;;;;;;;;;;;;;;;;;;;
5W0Z;;;;;;;;;;;;;;;;;;;;;;;;;;;;;;;;;;;;;;
5Q8S;;;;;;;;;;;;;;;;;;;;;;;;;;;;;;;;;;;;;;
1V0X;;;;;;;;;;;;;;;;;;;;;;;;;;;;;;;;;;;;;;
;;;;;;;;;;;;;;;;;;;;;;;;;;;;;;;;;;;;;;
4P8C;;;;;;;;;;;;;;;;;;;;;;;;;;;;;;;;;;;;;;
5L7H;;;;;;;;;;;;;;;;;;;;;;;;;;;;;;;;;;;;;;
9YFK;;;;;;;;;;;;;;;;;;;;;;;;;;;;;;;;;;;;;;
2U9G;;;;;;;;;;;;;;;;;;;;;;;;;;;;;;;;;;;;;;
4A4Z;;;;;;;;;;;;;;;;;;;;;;;;;;;;;;;;;;;;;;
7H7Y;;;;;;;;;;;;;;;;;;;;;;;;;;;;;;;;;;;;;;
3R8M;;;;;;;;;;;;;;;;;;;;;;;;;;;;;;;;;;;;;;
1F9Y;;;;;;;;;;;;;;;;;;;;;;;;;;;;;;;;;;;;;;
3U7V;;;;;;;;;;;;;;;;;;;;;;;;;;;;;;;;;;;;;;
8G6G;;;;;;;;;;;;;;;;;;;;;;;;;;;;;;;;;;;;;;
6G5H;;;;;;;;;;;;;;;;;;;;;;;;;;;;;;;;;;;;;;
1U6R;;;;;;;;;;;;;;;;;;;;;;;;;;;;;;;;;;;;;;
3V4C;;;;;;;;;;;;;;;;;;;;;;;;;;;;;;;;;;;;;;
3O2U;;;;;;;;;;;;;;;;;;;;;;;;;;;;;;;;;;;;;;
5Z4K;;;;;;;;;;;;;;;;;;;;;;;;;;;;;;;;;;;;;;
4U3U;;;;;;;;;;;;;;;;;;;;;;;;;;;;;;;;;;;;;;
7V3K;;;;;;;;;;;;;;;;;;;;;;;;;;;;;;;;;;;;;;
0U8E;;;;;;;;;;;;;;;;;;;;;;;;;;;;;;;;;;;;;;
5R7Y;;;;;;;;;;;;;;;;;;;;;;;;;;;;;;;;;;;;;;
4O8C;;;;;;;;;;;;;;;;;;;;;;;;;;;;;;;;;;;;;;
1Y7U;;;;;;;;;;;;;;;;;;;;;;;;;;;;;;;;;;;;;;
2J2X;;;;;;;;;;;;;;;;;;;;;;;;;;;;;;;;;;;;;;
7N0N;;;;;;;;;;;;;;;;;;;;;;;;;;;;;;;;;;;;;;
8Q9F;;;;;;;;;;;;;;;;;;;;;;;;;;;;;;;;;;;;;;
8G5E;;;;;;;;;;;;;;;;;;;;;;;;;;;;;;;;;;;;;;
1W3S;;;;;;;;;;;;;;;;;;;;;;;;;;;;;;;;;;;;;;
9C8Y;;;;;;;;;;;;;;;;;;;;;;;;;;;;;;;;;;;;;;
1A9V;;;;;;;;;;;;;;;;;;;;;;;;;;;;;;;;;;;;;;
3S5G;;;;;;;;;;;;;;;;;;;;;;;;;;;;;;;;;;;;;;
4E9P;;;;;;;;;;;;;;;;;;;;;;;;;;;;;;;;;;;;;;
1W5H;;;;;;;;;;;;;;;;;;;;;;;;;;;;;;;;;;;;;;
0A5K;;;;;;;;;;;;;;;;;;;;;;;;;;;;;;;;;;;;;;
3V9C;;;;;;;;;;;;;;;;;;;;;;;;;;;;;;;;;;;;;;
1B0U;;;;;;;;;;;;;;;;;;;;;;;;;;;;;;;;;;;;;;
6T3K;;;;;;;;;;;;;;;;;;;;;;;;;;;;;;;;;;;;;;
8W1B;;;;;;;;;;;;;;;;;;;;;;;;;;;;;;;;;;;;;;
2Z9H;;;;;;;;;;;;;;;;;;;;;;;;;;;;;;;;;;;;;;
0O3R;;;;;;;;;;;;;;;;;;;;;;;;;;;;;;;;;;;;;;
3S3F;;;;;;;;;;;;;;;;;;;;;;;;;;;;;;;;;;;;;;
0T3B;;;;;;;;;;;;;;;;;;;;;;;;;;;;;;;;;;;;;;
8N8Q;;;;;;;;;;;;;;;;;;;;;;;;;;;;;;;;;;;;;;
6F0E;;;;;;;;;;;;;;;;;;;;;;;;;;;;;;;;;;;;;;
0X6C;;;;;;;;;;;;;;;;;;;;;;;;;;;;;;;;;;;;;;
0N9P;;;;;;;;;;;;;;;;;;;;;;;;;;;;;;;;;;;;;;
5I5D;;;;;;;;;;;;;;;;;;;;;;;;;;;;;;;;;;;;;;
9O9K;;;;;;;;;;;;;;;;;;;;;;;;;;;;;;;;;;;;;;
0H2B;;;;;;;;;;;;;;;;;;;;;;;;;;;;;;;;;;;;;;
4S3S;;;;;;;;;;;;;;;;;;;;;;;;;;;;;;;;;;;;;;
4Z3U;;;;;;;;;;;;;;;;;;;;;;;;;;;;;;;;;;;;;;
3S3F;;;;;;;;;;;;;;;;;;;;;;;;;;;;;;;;;;;;;;
9G6O;;;;;;;;;;;;;;;;;;;;;;;;;;;;;;;;;;;;;;
3S8I;;;;;;;;;;;;;;;;;;;;;;;;;;;;;;;;;;;;;;
9V3F;;;;;;;;;;;;;;;;;;;;;;;;;;;;;;;;;;;;;;
7L8N;;;;;;;;;;;;;;;;;;;;;;;;;;;;;;;;;;;;;;
3E3Y;;;;;;;;;;;;;;;;;;;;;;;;;;;;;;;;;;;;;;
1W7I;;;;;;;;;;;;;;;;;;;;;;;;;;;;;;;;;;;;;;
3I9X;;;;;;;;;;;;;;;;;;;;;;;;;;;;;;;;;;;;;;
9M5B;;;;;;;;;;;;;;;;;;;;;;;;;;;;;;;;;;;;;;
1R9D;;;;;;;;;;;;;;;;;;;;;;;;;;;;;;;;;;;;;;
3O6U;;;;;;;;;;;;;;;;;;;;;;;;;;;;;;;;;;;;;;
5Q1R;;;;;;;;;;;;;;;;;;;;;;;;;;;;;;;;;;;;;;
9J7R;;;;;;;;;;;;;;;;;;;;;;;;;;;;;;;;;;;;;;
0F1W;;;;;;;;;;;;;;;;;;;;;;;;;;;;;;;;;;;;;;
4A7O;;;;;;;;;;;;;;;;;;;;;;;;;;;;;;;;;;;;;;
5Q1R;;;;;;;;;;;;;;;;;;;;;;;;;;;;;;;;;;;;;;
9B5K;;;;;;;;;;;;;;;;;;;;;;;;;;;;;;;;;;;;;;
2R7A;;;;;;;;;;;;;;;;;;;;;;;;;;;;;;;;;;;;;;
102T;;;;;;;;;;;;;;;;;;;;;;;;;;;;;;;;;;;;;;
6C05;;;;;;;;;;;;;;;;;;;;;;;;;;;;;;;;;;;;;;
7T4X;;;;;;;;;;;;;;;;;;;;;;;;;;;;;;;;;;;;;;
5Y3W;;;;;;;;;;;;;;;;;;;;;;;;;;;;;;;;;;;;;;
1J8K;;;;;;;;;;;;;;;;;;;;;;;;;;;;;;;;;;;;;;
3V6V;;;;;;;;;;;;;;;;;;;;;;;;;;;;;;;;;;;;;;
6T0P;;;;;;;;;;;;;;;;;;;;;;;;;;;;;;;;;;;;;;
OI6B;;;;;;;;;;;;;;;;;;;;;;;;;;;;;;;;;;;;;;
7P1T;;;;;;;;;;;;;;;;;;;;;;;;;;;;;;;;;;;;;;
5C9D;;;;;;;;;;;;;;;;;;;;;;;;;;;;;;;;;;;;;;
0G1P;;;;;;;;;;;;;;;;;;;;;;;;;;;;;;;;;;;;;;
8Z9E;;;;;;;;;;;;;;;;;;;;;;;;;;;;;;;;;;;;;;
9W3F;;;;;;;;;;;;;;;;;;;;;;;;;;;;;;;;;;;;;;
7X7O;;;;;;;;;;;;;;;;;;;;;;;;;;;;;;;;;;;;;;
3V0A;;;;;;;;;;;;;;;;;;;;;;;;;;;;;;;;;;;;;;
2W6P;;;;;;;;;;;;;;;;;;;;;;;;;;;;;;;;;;;;;;
1V8P;;;;;;;;;;;;;;;;;;;;;;;;;;;;;;;;;;;;;;
9Z3C;;;;;;;;;;;;;;;;;;;;;;;;;;;;;;;;;;;;;;
2W1Q;;;;;;;;;;;;;;;;;;;;;;;;;;;;;;;;;;;;;;
3C4H;;;;;;;;;;;;;;;;;;;;;;;;;;;;;;;;;;;;;;
5C2M;;;;;;;;;;;;;;;;;;;;;;;;;;;;;;;;;;;;;;
5X3K;;;;;;;;;;;;;;;;;;;;;;;;;;;;;;;;;;;;;;
7B9M;;;;;;;;;;;;;;;;;;;;;;;;;;;;;;;;;;;;;;
;;;;;;;;;;;;;;;;;;;;;;;;;;;;;;;;;;;;;;
7F0W;;;;;;;;;;;;;;;;;;;;;;;;;;;;;;;;;;;;;;
9I9S;;;;;;;;;;;;;;;;;;;;;;;;;;;;;;;;;;;;;;
3Y2G;;;;;;;;;;;;;;;;;;;;;;;;;;;;;;;;;;;;;;
4D2Y;;;;;;;;;;;;;;;;;;;;;;;;;;;;;;;;;;;;;;
9R1R;;;;;;;;;;;;;;;;;;;;;;;;;;;;;;;;;;;;;;
4M4I;;;;;;;;;;;;;;;;;;;;;;;;;;;;;;;;;;;;;;
9I1E;;;;;;;;;;;;;;;;;;;;;;;;;;;;;;;;;;;;;;
8A1R;;;;;;;;;;;;;;;;;;;;;;;;;;;;;;;;;;;;;;
;;;;;;;;;;;;;;;;;;;;;;;;;;;;;;;;;;;;;;
7Y2K;;;;;;;;;;;;;;;;;;;;;;;;;;;;;;;;;;;;;;
;;;;;;;;;;;;;;;;;;;;;;;;;;;;;;;;;;;;;;
1F7A;;;;;;;;;;;;;;;;;;;;;;;;;;;;;;;;;;;;;;
5Q8S;;;;;;;;;;;;;;;;;;;;;;;;;;;;;;;;;;;;;;
3B1N;;;;;;;;;;;;;;;;;;;;;;;;;;;;;;;;;;;;;;
2E8R;;;;;;;;;;;;;;;;;;;;;;;;;;;;;;;;;;;;;;
8D7X;;;;;;;;;;;;;;;;;;;;;;;;;;;;;;;;;;;;;;
3U9V;;;;;;;;;;;;;;;;;;;;;;;;;;;;;;;;;;;;;;
8W0W;;;;;;;;;;;;;;;;;;;;;;;;;;;;;;;;;;;;;;
5J1R;;;;;;;;;;;;;;;;;;;;;;;;;;;;;;;;;;;;;;
2N5P;;;;;;;;;;;;;;;;;;;;;;;;;;;;;;;;;;;;;;
4D8M;;;;;;;;;;;;;;;;;;;;;;;;;;;;;;;;;;;;;;
1U6R;;;;;;;;;;;;;;;;;;;;;;;;;;;;;;;;;;;;;;
1Q9K;;;;;;;;;;;;;;;;;;;;;;;;;;;;;;;;;;;;;;
7A0X;;;;;;;;;;;;;;;;;;;;;;;;;;;;;;;;;;;;;;
0H5L;;;;;;;;;;;;;;;;;;;;;;;;;;;;;;;;;;;;;;
9X1Z;;;;;;;;;;;;;;;;;;;;;;;;;;;;;;;;;;;;;;
2J2X;;;;;;;;;;;;;;;;;;;;;;;;;;;;;;;;;;;;;;
6A4U;;;;;;;;;;;;;;;;;;;;;;;;;;;;;;;;;;;;;;
1O0R;;;;;;;;;;;;;;;;;;;;;;;;;;;;;;;;;;;;;;
