Numéro de formulaire;Genre;Age;Taille;Poids;IMC;Activité physique;Régime particulier;Végé;Fréquence CROUS;Equilibre alim;Seule ou en groupe;Nb groupe entrée;Proximité;Connaissance;Parti groupe;Influ sociale;Percept senso;Nb file;Faim;Stress;Nb convives;Ami 1;Ami 2;Ami 3;Ami 4;Ami 5;Ami 6;Ami 7;Ami 8;Ami 9;Ami 10;Ami 11;Ami 12;Ami 13;Ami 14;Ami 15;Ami 16;Ami 17;onehot_fruits;onehot_fromage;onehot_saladefeculents;onehot_crudites;onehot_charcuterie;onehot_viande;onehot_poisson;onehot_vege;onehot_yaourt;onehot_dessertgourmand;onehot_cremedessert;onehot_accompagnement
0A2A;1.0;20.0;1.755;51.0;15.0;3.0;1.0;0.0;2.0;2;1.0;2.0;1.0;1.0;1.0;0;1.0;0.0;2.0;0.0;2.0;7F8H;;;;;;;;;;;;;;;;;0;0;0;0;0;1;0;0;1;0;0;1
0A4U;1.0;19.0;1.78;59.0;20.0;0.0;0.0;0.0;2.0;2;1.0;6.0;1.0;1.0;1.0;0;3.0;0.0;2.0;0.0;5.0;0R4C;6O4Y;0S0Q;2U4F;;;;;;;;;;;;;;0;0;0;1;0;1;0;0;1;0;0;1
0A8B;0.0;21.0;1.65;50.0;20.0;0.0;0.0;0.0;2.0;1;1.0;7.0;1.0;1.0;1.0;1;3.0;1.0;2.0;2.0;7.0;0F7G;9A0P;3T0P;9F9T;8I1P;4M3X;;;;;;;;;;;;0;0;0;0;0;1;0;0;1;0;0;1
0B2M;1.0;18.0;1.78;65.0;20.0;1.0;0.0;0.0;2.0;1;1.0;2.0;1.0;1.0;1.0;0;2.0;1.0;2.0;1.0;2.0;7G6O;;;;;;;;;;;;;;;;;0;0;0;0;1;1;0;0;1;0;0;1
0C8K;1.0;18.0;1.87;83.0;25.0;3.0;0.0;0.0;2.0;0;1.0;2.0;1.0;1.0;1.0;0;0.0;1.0;2.0;1.0;2.0;6Y2Q;;;;;;;;;;;;;;;;;1;0;0;0;0;1;0;0;1;0;0;1
0E2X;1.0;21.0;1.9;85.0;25.0;2.0;0.0;0.0;2.0;2;1.0;3.0;1.0;1.0;1.0;1;2.0;2.0;2.0;1.0;3.0;5G9R;0M0L;;;;;;;;;;;;;;;;0;0;1;0;0;1;0;0;0;1;0;1
0G1P;0.0;21.0;1.66;54.0;20.0;2.0;0.0;1.0;2.0;4;1.0;2.0;1.0;1.0;1.0;2;2.0;0.0;1.0;0.0;2.0;5C9D;;;;;;;;;;;;;;;;;1;0;0;1;0;1;0;0;0;0;0;1
0G5M;1.0;22.0;1.75;50.0;15.0;0.0;0.0;0.0;2.0;0;1.0;5.0;1.0;1.0;1.0;0;2.0;0.0;3.0;0.0;3.0;;;;;;;;;;;;;;;;;;0;0;0;0;0;0;1;0;1;0;0;1
0H2B;1.0;20.0;1.86;75.0;20.0;2.0;0.0;0.0;1.0;1;1.0;6.0;1.0;1.0;1.0;0;3.0;1.0;2.0;0.0;3.0;4S3S;1J8K;;;;;;;;;;;;;;;;0;0;0;0;0;1;0;0;1;1;0;1
0H5L;0.0;21.0;1.71;56.0;20.0;2.0;0.0;0.0;2.0;2;1.0;4.0;0.0;0.0;0.0;0;0.0;0.0;3.0;2.0;14.0;4O8C;1Y7U;2J2X;8Q9F;9X1Z;1S8D;7N0N;3S5G;1A9V;6A4U;4R8R;9C8Y;7R7Y;;;;;0;1;0;1;0;0;1;0;0;1;0;1
0H8R;0.0;22.0;1.57;45.0;20.0;1.0;0.0;0.0;2.0;0;0.0;6.0;1.0;1.0;1.0;0;0.0;0.0;3.0;0.0;6.0;1Y9W;6V9Q;4H1X;1C3K;8N4I;;;;;;;;;;;;;0;0;0;0;0;0;0;1;0;0;0;1
0I7G;1.0;21.0;1.78;63.0;20.0;2.0;0.0;0.0;1.0;2;1.0;3.0;1.0;1.0;1.0;0;0.0;1.0;0.0;0.0;5.0;3F4Z;4C0V;;;;;;;;;;;;;;;;0;1;0;0;0;0;0;1;0;0;1;1
0J8O;1.0;20.0;1.79;62.0;20.0;1.0;1.0;0.0;2.0;2;0.0;20.0;1.0;1.0;1.0;1;3.0;0.0;2.0;1.0;3.0;;;;;;;;;;;;;;;;;;1;0;0;0;0;0;0;1;0;0;1;0
0M0L;1.0;21.0;1.75;62.0;20.0;2.0;0.0;0.0;1.0;2;1.0;3.0;1.0;1.0;1.0;0;1.0;0.0;2.0;0.0;3.0;5G9R;0E2X;;;;;;;;;;;;;;;;0;1;0;0;0;1;0;0;0;0;0;1
0N3Z;0.0;19.0;1.57;45.0;0.0;1.0;0.0;0.0;2.0;1;0.0;1.0;0.0;0.0;0.0;0;2.0;0.0;2.0;1.0;1.0;;;;;;;;;;;;;;;;;;1;0;0;0;0;0;0;1;0;0;0;1
0N9G;1.0;21.0;1.75;60.0;20.0;2.0;1.0;1.0;2.0;2;0.0;4.0;0.0;0.0;0.0;0;3.0;0.0;3.0;3.0;3.0;;;;;;;;;;;;;;;;;;0;0;0;0;0;1;0;0;0;0;0;0
0N9P;1.0;20.0;1.89;70.0;20.0;3.0;0.0;0.0;2.0;1;1.0;2.0;1.0;1.0;1.0;0;3.0;0.0;2.0;0.0;2.0;9O9K;;;;;;;;;;;;;;;;;0;0;0;0;1;0;1;1;1;1;0;1
0O5Q;1.0;21.0;1.7;70.0;25.0;1.0;0.0;0.0;2.0;1;1.0;4.0;0.0;0.0;1.0;0;1.0;0.0;2.0;0.0;4.0;5B2Z;5I3E;9J6M;;;;;;;;;;;;;;;0;0;0;1;0;1;0;0;1;0;0;1
0P1I;1.0;25.0;1.78;74.0;25.0;1.0;0.0;0.0;2.0;1;0.0;2.0;1.0;1.0;1.0;0;0.0;0.0;3.0;3.0;2.0;6W4Y;;;;;;;;;;;;;;;;;1;0;0;1;0;0;1;0;0;0;0;1
0P1K;1.0;18.0;1.85;85.0;25.0;1.0;0.0;0.0;2.0;2;0.0;2.0;1.0;0.0;0.0;0;1.0;0.0;1.0;2.0;2.0;0P5K;;;;;;;;;;;;;;;;;0;0;0;0;0;1;0;0;0;0;1;1
0P5K;1.0;18.0;1.85;85.0;25.0;1.0;0.0;0.0;2.0;2;0.0;2.0;1.0;1.0;1.0;0;2.0;0.0;2.0;2.0;2.0;0P1K;;;;;;;;;;;;;;;;;1;0;0;0;0;1;0;0;1;0;0;1
0R4C;1.0;19.0;1.87;67.0;20.0;3.0;0.0;0.0;2.0;2;1.0;6.0;0.0;1.0;1.0;0;0.0;0.0;3.0;1.0;5.0;6O4Y;0S0Q;0A4U;2U4F;;;;;;;;;;;;;;0;0;0;1;0;1;0;0;1;0;0;1
0R4J;1.0;20.0;1.93;99.0;25.0;3.0;0.0;0.0;2.0;2;0.0;2.0;1.0;1.0;1.0;1;3.0;0.0;2.0;0.0;2.0;3W5V;;;;;;;;;;;;;;;;;1;0;0;0;0;0;1;0;0;1;0;1
0R4X;1.0;20.0;1.85;67.0;20.0;1.0;0.0;0.0;2.0;1;0.0;6.0;1.0;1.0;1.0;0;3.0;0.0;2.0;1.0;6.0;4A1V;6U3B;8B8H;2L2Z;8W4Q;;;;;;;;;;;;;0;0;0;1;0;1;0;0;0;0;0;1
0R7V;1.0;18.0;1.82;58.0;20.0;1.0;0.0;0.0;1.0;1;1.0;2.0;0.0;1.0;1.0;0;1.0;1.0;2.0;0.0;2.0;1Y1C;;;;;;;;;;;;;;;;;0;0;0;1;0;0;1;0;1;0;0;1
0S0Q;1.0;19.0;1.78;55.0;15.0;2.0;0.0;0.0;2.0;2;1.0;6.0;1.0;1.0;1.0;1;2.0;0.0;2.0;0.0;5.0;6O4Y;0A4U;0R4C;2U4F;;;;;;;;;;;;;;1;0;0;1;0;1;0;0;1;0;0;1
0S4Y;1.0;24.0;1.8;80.0;25.0;2.0;0.0;0.0;2.0;1;1.0;3.0;1.0;1.0;1.0;0;3.0;0.0;3.0;1.0;3.0;2T3H;8E1F;;;;;;;;;;;;;;;;0;1;0;0;0;1;0;0;0;1;0;1
0S7C;0.0;20.0;1.58;68.0;25.0;2.0;1.0;0.0;2.0;2;1.0;7.0;1.0;1.0;0.0;0;3.0;0.0;3.0;0.0;7.0;1N9S;3W3R;7F5N;1J4B;2G9N;2G0T;;;;;;;;;;;;0;1;0;0;1;0;1;0;0;0;0;1
0T3B;1.0;21.0;1.8;70.0;20.0;3.0;0.0;0.0;2.0;2;1.0;3.0;1.0;1.0;1.0;1;0.0;0.0;1.0;2.0;2.0;6F0E;;;;;;;;;;;;;;;;;1;0;0;0;1;1;0;0;1;0;0;1
0U8E;1.0;21.0;1.87;70.0;20.0;0.0;0.0;0.0;2.0;2;1.0;5.0;1.0;1.0;1.0;0;3.0;0.0;1.0;0.0;4.0;5Z4K;3U7V;7A0X;;;;;;;;;;;;;;;1;0;0;1;0;0;1;0;1;0;0;1
0X7C;1.0;21.0;1.8;72.0;20.0;1.0;0.0;0.0;1.0;1;1.0;12.0;1.0;1.0;1.0;3;2.0;0.0;2.0;0.0;6.0;3R3M;0O9T;3M6S;5A0R;2M6T;;;;;;;;;;;;;0;0;0;0;0;0;1;0;1;0;1;1
0Y1T;1.0;20.0;1.7;45.0;15.0;1.0;0.0;0.0;2.0;2;0.0;8.0;0.0;0.0;0.0;0;2.0;1.0;2.0;1.0;7.0;9S9J;6T3S;4M6N;5I5P;9B3F;4R6L;;;;;;;;;;;;1;0;0;0;0;1;0;0;0;0;0;1
0Y5X;1.0;21.0;1.83;75.0;20.0;3.0;0.0;0.0;2.0;2;1.0;10.0;1.0;1.0;1.0;0;3.0;0.0;1.0;0.0;7.0;4D2Y;3Y2G;6G4G;3K9G;6C3U;5F9Z;;;;;;;;;;;;0;0;1;0;0;1;0;0;0;1;0;1
1A9V;1.0;21.0;1.74;65.0;20.0;0.0;0.0;0.0;1.0;1;1.0;8.0;1.0;1.0;1.0;0;0.0;0.0;1.0;1.0;14.0;4O8C;1Y7U;2J2X;8Q9F;9X1Z;0H5L;1S8D;7N0N;3S5G;6A4U;4R8R;7R7Y;9C8Y;;;;;0;0;0;1;0;1;0;0;0;1;0;1
1B0U;1.0;22.0;1.83;68.0;20.0;2.0;0.0;1.0;2.0;4;1.0;5.0;1.0;1.0;1.0;1;3.0;0.0;2.0;1.0;5.0;2P1V;0A5K;7F5T;0O3R;;;;;;;;;;;;;;0;1;0;0;0;0;0;1;0;1;0;1
1B2S;0.0;18.0;1.64;54.0;20.0;0.0;0.0;0.0;2.0;0;1.0;8.0;1.0;1.0;1.0;1;3.0;1.0;1.0;2.0;8.0;2A1P;7K8M;8H4M;8O3V;2Y1W;0Z9C;4H1P;;;;;;;;;;;1;0;0;0;0;1;0;0;1;0;0;1
1C3K;1.0;19.0;1.69;73.0;25.0;2.0;0.0;0.0;2.0;0;0.0;6.0;1.0;1.0;1.0;3;2.0;2.0;3.0;2.0;6.0;4H1X;0H8R;1Y9W;6V9Q;8N4I;;;;;;;;;;;;;0;0;0;0;0;1;0;0;0;0;0;0
1C5X;1.0;23.0;1.8;74.0;25.0;1.0;1.0;1.0;2.0;4;1.0;6.0;0.0;0.0;0.0;0;1.0;0.0;2.0;2.0;6.0;6O7D;8S7L;4C3L;7B2H;2Q8X;;;;;;;;;;;;;0;0;1;0;0;0;0;1;0;1;0;1
1C8S;1.0;22.0;1.73;73.0;25.0;2.0;0.0;0.0;1.0;2;0.0;1.0;0.0;0.0;0.0;0;0.0;1.0;1.0;2.0;1.0;;;;;;;;;;;;;;;;;;1;0;0;1;0;0;1;0;0;0;0;1
1F7A;1.0;24.0;1.79;78.0;25.0;1.0;0.0;0.0;1.0;4;1.0;5.0;1.0;1.0;1.0;2;2.0;0.0;2.0;2.0;3.0;0R1F;3X3L;;;;;;;;;;;;;;;;1;0;0;0;0;1;0;0;1;0;0;1
1F9Y;1.0;27.0;1.8;75.0;25.0;3.0;0.0;0.0;1.0;2;1.0;6.0;1.0;0.0;0.0;0;2.0;0.0;1.0;1.0;6.0;9I1E;9I2L;4M4I;9R1R;8A1R;;;;;;;;;;;;;0;0;1;0;0;1;0;0;0;1;0;1
1G3P;1.0;19.0;1.82;70.0;20.0;2.0;0.0;0.0;2.0;2;0.0;9.0;1.0;1.0;1.0;0;2.0;0.0;1.0;1.0;5.0;1O2H;3H8D;9J2Z;5L2C;;;;;;;;;;;;;;1;0;0;1;0;1;0;0;0;0;0;1
1G6O;1.0;18.0;1.83;78.0;25.0;1.0;0.0;0.0;2.0;1;1.0;2.0;1.0;1.0;1.0;1;1.0;0.0;2.0;2.0;2.0;7Z3H;;;;;;;;;;;;;;;;;0;0;0;1;1;1;0;0;1;0;0;1
1G7G;1.0;24.0;1.8;70.0;20.0;2.0;0.0;0.0;2.0;2;1.0;4.0;1.0;1.0;1.0;1;1.0;0.0;2.0;1.0;4.0;5M0T;9R6Y;4F9D;;;;;;;;;;;;;;;0;0;0;1;0;0;1;0;0;0;1;1
1I1F;0.0;20.0;1.58;52.0;20.0;2.0;1.0;0.0;2.0;1;1.0;2.0;1.0;1.0;1.0;3;3.0;0.0;3.0;1.0;2.0;3L2B;;;;;;;;;;;;;;;;;0;0;0;0;0;1;0;0;0;0;0;1
1J4B;0.0;19.0;1.65;60.0;20.0;1.0;0.0;0.0;0.0;2;1.0;11.0;1.0;1.0;1.0;2;3.0;0.0;3.0;0.0;7.0;1N9S;7F5N;3W3R;2G0T;0S7C;2G9N;;;;;;;;;;;;0;0;0;0;0;0;1;0;1;0;0;1
1J5T;1.0;25.0;1.94;82.0;20.0;3.0;0.0;0.0;2.0;1;1.0;3.0;1.0;1.0;1.0;2;1.0;2.0;2.0;1.0;3.0;5R0T;3L6Q;;;;;;;;;;;;;;;;1;0;0;0;1;0;1;0;1;0;0;1
1J6P;1.0;23.0;1.7;78.0;25.0;2.0;0.0;0.0;1.0;2;1.0;6.0;1.0;1.0;1.0;0;3.0;0.0;3.0;0.0;5.0;6T3Q;8K6W;2K9I;9W3O;;;;;;;;;;;;;;0;0;0;0;0;1;0;0;1;1;0;1
1J8K;1.0;23.0;1.64;61.0;25.0;3.0;1.0;1.0;1.0;4;1.0;5.0;1.0;1.0;1.0;1;2.0;0.0;2.0;1.0;3.0;4S3S;0H2B;;;;;;;;;;;;;;;;1;0;0;0;0;1;0;0;0;0;0;1
1L0F;1.0;21.0;1.7;51.0;20.0;2.0;1.0;0.0;2.0;2;1.0;5.0;0.0;0.0;0.0;0;0.0;0.0;2.0;2.0;3.0;;;;;;;;;;;;;;;;;;0;0;0;1;0;0;0;1;1;0;0;0
1L4G;0.0;21.0;1.63;55.0;20.0;1.0;0.0;0.0;2.0;1;1.0;2.0;1.0;1.0;1.0;1;2.0;0.0;2.0;0.0;6.0;5W6M;8J2L;2S4Q;1M2Q;9K2W;;;;;;;;;;;;;1;0;0;0;0;0;1;0;0;0;0;1
1M2Q;1.0;21.0;1.69;55.0;20.0;0.0;0.0;0.0;2.0;1;1.0;8.0;1.0;1.0;1.0;2;1.0;1.0;3.0;0.0;6.0;5W6M;1L4G;9K2W;2S4Q;8J2L;;;;;;;;;;;;;0;0;0;0;0;1;0;0;1;0;0;1
1M4Q;1.0;18.0;1.75;65.0;20.0;1.0;1.0;0.0;2.0;1;0.0;2.0;1.0;1.0;1.0;1;2.0;1.0;2.0;2.0;2.0;1D4B;;;;;;;;;;;;;;;;;1;0;0;0;0;0;1;0;0;0;0;1
1M5C;1.0;22.0;1.77;60.0;20.0;2.0;1.0;0.0;1.0;2;1.0;3.0;1.0;1.0;1.0;2;3.0;0.0;2.0;1.0;3.0;1T2N;9Y6D;;;;;;;;;;;;;;;;0;0;0;1;0;0;1;0;1;0;0;1
1N9S;1.0;18.0;1.72;75.0;25.0;3.0;1.0;1.0;2.0;4;1.0;11.0;1.0;1.0;1.0;1;1.0;0.0;3.0;1.0;7.0;1J4B;3W3R;2G0T;7F5N;0S7C;2G9N;;;;;;;;;;;;0;0;0;0;0;0;0;1;1;0;0;0
1O0R;1.0;19.0;1.72;65.0;20.0;2.0;0.0;0.0;2.0;2;1.0;5.0;1.0;1.0;1.0;1;3.0;0.0;3.0;2.0;3.0;3V9C;5I5D;;;;;;;;;;;;;;;;0;1;1;0;0;1;0;0;0;1;0;1
1O2H;0.0;21.0;1.69;56.0;20.0;2.0;0.0;0.0;2.0;4;0.0;9.0;1.0;0.0;0.0;2;3.0;0.0;3.0;1.0;5.0;1G3P;5L2C;9J2Z;3H8D;;;;;;;;;;;;;;1;0;0;1;0;1;0;0;1;0;0;1
1P5N;1.0;19.0;1.74;74.0;25.0;2.0;1.0;0.0;2.0;2;1.0;4.0;0.0;0.0;0.0;1;1.0;0.0;2.0;2.0;3.0;;;;;;;;;;;;;;;;;;0;0;0;0;0;0;1;0;1;0;0;1
1Q9K;1.0;22.0;1.83;90.0;25.0;1.0;0.0;0.0;2.0;1;1.0;2.0;1.0;1.0;1.0;1;0.0;0.0;3.0;0.0;3.0;;;;;;;;;;;;;;;;;;0;1;0;0;0;0;0;1;1;0;0;1
1R9D;1.0;22.0;1.72;82.0;30.0;2.0;1.0;0.0;1.0;0;1.0;9.0;0.0;0.0;0.0;1;3.0;1.0;3.0;1.0;10.0;9B5K;0F1W;2R7A;4A7O;3O6U;9M5B;5Q1R;1W7I;1O2T;;;;;;;;;0;0;0;0;1;0;1;0;0;1;0;1
1T2N;1.0;21.0;1.7;80.0;30.0;1.0;0.0;0.0;2.0;4;1.0;11.0;1.0;1.0;1.0;0;0.0;0.0;2.0;1.0;3.0;1M5C;9Y6D;;;;;;;;;;;;;;;;1;0;0;1;0;0;1;0;1;0;0;1
1T9W;0.0;21.0;1.62;54.0;20.0;2.0;0.0;0.0;2.0;2;1.0;3.0;1.0;1.0;1.0;1;2.0;0.0;2.0;2.0;3.0;3R5P;1W6X;;;;;;;;;;;;;;;;1;0;0;0;0;0;1;0;1;0;0;1
1U6R;1.0;23.0;1.83;65.0;20.0;2.0;1.0;1.0;2.0;4;1.0;2.0;1.0;1.0;1.0;0;0.0;1.0;2.0;0.0;2.0;8G6G;;;;;;;;;;;;;;;;;0;0;0;1;0;0;0;1;1;0;0;1
1U7O;1.0;20.0;1.74;57.0;20.0;2.0;0.0;0.0;1.0;2;1.0;10.0;1.0;0.0;0.0;1;2.0;1.0;3.0;2.0;3.0;2Z9A;2R9X;;;;;;;;;;;;;;;;1;0;0;0;0;1;0;0;0;0;1;1
1V0X;1.0;24.0;1.7;71.0;25.0;3.0;0.0;0.0;1.0;4;1.0;5.0;1.0;0.0;0.0;0;0.0;0.0;3.0;1.0;5.0;4P8C;5Q8S;5L7H;5W0Z;;;;;;;;;;;;;;1;0;0;0;0;0;1;0;0;0;0;1
1W3S;1.0;20.0;1.73;64.0;20.0;3.0;0.0;0.0;2.0;2;1.0;3.0;1.0;1.0;1.0;0;1.0;0.0;2.0;1.0;3.0;1B3G;7T4X;;;;;;;;;;;;;;;;0;0;0;0;0;1;0;0;1;1;0;1
1W6X;0.0;20.0;1.6;42.0;15.0;2.0;0.0;0.0;2.0;4;1.0;3.0;1.0;1.0;1.0;0;3.0;1.0;3.0;3.0;3.0;3R5P;1T9W;;;;;;;;;;;;;;;;0;0;0;0;0;0;1;0;1;0;0;1
1W7I;1.0;21.0;1.8;64.0;20.0;1.0;0.0;0.0;2.0;1;1.0;9.0;1.0;1.0;1.0;0;2.0;0.0;3.0;1.0;10.0;4A7O;0F1W;9B5K;1R9D;2R7A;1O2T;9M5B;3O6U;5Q1R;;;;;;;;;0;0;1;1;0;1;0;0;1;0;0;1
1W8I;1.0;21.0;1.84;69.0;20.0;2.0;1.0;0.0;2.0;1;1.0;4.0;1.0;1.0;1.0;0;1.0;0.0;1.0;0.0;3.0;6L3J;6C9H;;;;;;;;;;;;;;;;1;0;0;0;1;1;0;0;1;0;0;1
1Y1C;1.0;19.0;1.6;65.0;25.0;0.0;0.0;0.0;2.0;1;1.0;2.0;0.0;1.0;1.0;0;0.0;0.0;3.0;0.0;2.0;0R7V;;;;;;;;;;;;;;;;;0;0;0;0;0;1;0;0;1;0;0;1
1Y7U;0.0;20.0;1.58;52.0;20.0;2.0;1.0;0.0;2.0;1;1.0;8.0;1.0;1.0;1.0;1;3.0;0.0;2.0;2.0;14.0;4O8C;2J2X;8Q9F;9X1Z;0H5L;1S8D;7N0N;3S5G;1A9V;6A4U;4R8R;9C8Y;7R7Y;;;;;0;0;1;1;0;1;0;0;1;0;0;1
1Y9T;1.0;21.0;1.79;85.0;25.0;2.0;0.0;0.0;2.0;2;1.0;5.0;1.0;1.0;1.0;0;1.0;2.0;2.0;0.0;3.0;6H4A;4K3B;;;;;;;;;;;;;;;;1;0;0;0;0;0;0;1;1;0;0;0
1Y9W;0.0;20.0;1.65;61.0;20.0;2.0;0.0;0.0;2.0;2;0.0;6.0;1.0;1.0;1.0;0;3.0;1.0;2.0;3.0;6.0;6V9Q;8N4I;0H8R;1C3K;4H1X;;;;;;;;;;;;;0;0;0;0;0;0;0;1;0;0;0;1
2A1P;0.0;18.0;1.64;55.0;20.0;2.0;0.0;0.0;2.0;0;1.0;8.0;1.0;1.0;1.0;1;1.0;0.0;2.0;0.0;8.0;0Z9C;1B2S;8H4M;4H1P;7K8M;2Y1W;8O3V;;;;;;;;;;;1;0;0;0;0;1;0;0;1;0;0;1
2A2L;1.0;19.0;1.72;70.0;25.0;3.0;0.0;0.0;2.0;2;1.0;11.0;1.0;1.0;1.0;0;3.0;0.0;3.0;3.0;3.0;;;;;;;;;;;;;;;;;;0;0;0;0;0;1;0;0;1;0;0;1
2B6T;1.0;18.0;1.73;56.0;20.0;2.0;0.0;0.0;2.0;2;0.0;3.0;1.0;1.0;1.0;2;2.0;0.0;1.0;2.0;3.0;2Q6Z;6C9V;;;;;;;;;;;;;;;;1;0;0;0;0;1;0;0;0;1;0;1
2E1F;0.0;20.0;1.6;60.0;25.0;1.0;1.0;0.0;2.0;2;1.0;2.0;1.0;1.0;0.0;0;1.0;0.0;2.0;0.0;2.0;9I3E;;;;;;;;;;;;;;;;;0;0;0;1;0;0;0;1;1;0;1;0
2E8L;1.0;20.0;1.84;72.0;20.0;3.0;0.0;0.0;2.0;2;1.0;4.0;0.0;0.0;1.0;0;2.0;0.0;2.0;1.0;4.0;2H8Q;;;;;;;;;;;;;;;;;0;0;0;1;0;0;1;0;1;0;0;1
2E8R;0.0;19.0;1.67;64.0;25.0;2.0;0.0;0.0;2.0;4;1.0;2.0;0.0;1.0;1.0;0;2.0;0.0;1.0;1.0;2.0;7E5H;;;;;;;;;;;;;;;;;0;1;0;0;0;0;1;0;1;0;0;1
2G0T;0.0;19.0;1.73;60.0;20.0;2.0;0.0;0.0;1.0;4;1.0;7.0;0.0;0.0;0.0;0;2.0;1.0;2.0;1.0;7.0;1N9S;3W3R;0S7C;7F5N;1J4B;2G9N;;;;;;;;;;;;0;0;0;0;0;0;1;0;1;0;0;1
2G2S;0.0;19.0;1.62;60.0;25.0;1.0;0.0;0.0;1.0;1;1.0;11.0;1.0;1.0;1.0;0;1.0;0.0;2.0;2.0;3.0;;;;;;;;;;;;;;;;;;0;0;0;0;0;0;1;0;1;0;0;1
2G3P;1.0;20.0;1.69;65.0;25.0;0.0;0.0;0.0;2.0;3;1.0;2.0;1.0;1.0;1.0;1;2.0;0.0;2.0;1.0;2.0;8O4J;;;;;;;;;;;;;;;;;0;0;0;0;0;1;0;0;1;0;0;1
2H3W;1.0;25.0;1.73;65.0;20.0;2.0;1.0;0.0;2.0;2;0.0;4.0;0.0;0.0;0.0;0;3.0;0.0;3.0;3.0;3.0;;;;;;;;;;;;;;;;;;0;0;0;0;0;0;0;1;0;0;0;0
2H8Q;1.0;20.0;1.75;75.0;25.0;3.0;0.0;0.0;2.0;2;1.0;4.0;0.0;0.0;1.0;0;1.0;1.0;3.0;0.0;4.0;2E8L;;;;;;;;;;;;;;;;;1;0;0;1;0;1;0;0;1;0;0;1
2I9R;1.0;19.0;1.75;55.0;20.0;2.0;0.0;0.0;2.0;2;1.0;4.0;1.0;1.0;1.0;2;2.0;1.0;2.0;2.0;4.0;2A4L;8W7P;8V5M;;;;;;;;;;;;;;;0;0;0;0;0;1;0;0;0;0;0;1
2J2X;0.0;20.0;1.53;50.0;20.0;2.0;0.0;0.0;1.0;2;1.0;6.0;1.0;1.0;1.0;1;3.0;0.0;3.0;2.0;14.0;4O8C;1Y7U;8Q9F;9X1Z;0H5L;1S8D;7N0N;3S5G;1A9V;6A4U;4R8R;9C8Y;7R7Y;;;;;0;0;0;1;0;1;1;0;0;1;0;1
2J2Y;1.0;21.0;1.8;75.0;25.0;1.0;1.0;1.0;2.0;1;1.0;1.0;1.0;1.0;1.0;0;2.0;0.0;1.0;0.0;2.0;7I1E;;;;;;;;;;;;;;;;;1;1;0;0;0;1;0;0;0;0;0;1
2K9I;1.0;22.0;1.85;75.0;20.0;1.0;0.0;0.0;2.0;2;1.0;6.0;1.0;1.0;1.0;0;2.0;0.0;2.0;1.0;5.0;6T3Q;1J6P;8K6W;9W3O;;;;;;;;;;;;;;0;1;0;0;0;1;0;0;0;1;0;1
2L2Z;0.0;19.0;1.59;51.0;20.0;2.0;1.0;1.0;2.0;4;0.0;6.0;1.0;0.0;0.0;0;2.0;0.0;2.0;3.0;6.0;8W4Q;6U3B;4A1V;8B8H;0R4X;;;;;;;;;;;;;1;0;0;1;0;0;1;0;0;0;0;1
2M7S;1.0;18.0;1.7;58.0;20.0;2.0;0.0;0.0;2.0;2;1.0;3.0;1.0;1.0;1.0;0;2.0;0.0;2.0;1.0;3.0;8U4I;7D4K;;;;;;;;;;;;;;;;1;0;0;0;0;0;1;0;1;0;0;1
2N5P;1.0;18.0;1.89;77.0;20.0;1.0;0.0;0.0;1.0;2;1.0;3.0;1.0;1.0;1.0;0;3.0;0.0;2.0;0.0;2.0;7H7Y;;;;;;;;;;;;;;;;;0;0;0;0;0;1;0;0;1;1;0;1
2Q6Z;1.0;18.0;1.7;58.0;20.0;2.0;0.0;0.0;2.0;2;0.0;3.0;1.0;1.0;1.0;2;2.0;2.0;3.0;0.0;3.0;2B6T;6C9V;;;;;;;;;;;;;;;;1;0;0;0;0;1;0;0;0;1;0;1
2Q8X;0.0;29.0;1.76;69.0;20.0;0.0;0.0;0.0;2.0;2;1.0;3.0;1.0;0.0;0.0;0;2.0;0.0;0.0;2.0;6.0;1C5X;4C3L;7B2H;8S7L;6O7D;;;;;;;;;;;;;1;0;0;1;0;1;0;0;0;1;0;1
2R7A;1.0;23.0;1.83;79.9;25.0;1.0;0.0;0.0;1.0;0;1.0;10.0;1.0;1.0;1.0;1;1.0;0.0;2.0;3.0;10.0;4A7O;9B5K;1R9D;0F1W;3O6U;9M5B;5Q1R;1W7I;1O2T;;;;;;;;;0;0;0;1;0;0;0;1;1;0;0;1
2R9X;1.0;20.0;1.87;75.0;20.0;2.0;0.0;1.0;1.0;2;1.0;4.0;0.0;0.0;0.0;0;2.0;0.0;2.0;1.0;3.0;2Z9A;1U7O;;;;;;;;;;;;;;;;1;1;0;1;0;0;0;1;0;0;0;1
2U2X;1.0;20.0;1.7;72.0;25.0;0.0;0.0;0.0;2.0;2;0.0;1.0;1.0;1.0;0.0;2;0.0;0.0;2.0;1.0;2.0;7E4C;;;;;;;;;;;;;;;;;0;0;1;0;0;1;0;0;0;0;1;0
2U4F;1.0;20.0;1.7;65.0;20.0;1.0;0.0;0.0;2.0;0;1.0;6.0;1.0;1.0;1.0;0;3.0;0.0;3.0;0.0;5.0;0S0Q;0A4U;0R4C;6O4Y;;;;;;;;;;;;;;1;0;0;1;0;1;0;0;1;0;0;1
2U8V;1.0;21.0;1.84;80.0;25.0;3.0;0.0;0.0;2.0;2;0.0;2.0;1.0;1.0;1.0;0;2.0;0.0;1.0;2.0;3.0;;;;;;;;;;;;;;;;;;1;0;0;1;0;1;0;0;0;1;0;1
2U9G;1.0;21.0;1.75;75.0;25.0;2.0;0.0;0.0;2.0;4;1.0;2.0;0.0;0.0;0.0;1;1.0;1.0;3.0;0.0;2.0;9Y7K;;;;;;;;;;;;;;;;;0;0;0;1;0;0;0;1;1;0;0;1
2W1Q;0.0;23.0;1.63;62.0;0.0;1.0;1.0;1.0;2.0;4;0.0;1.0;0.0;0.0;1.0;1;2.0;1.0;2.0;3.0;1.0;;;;;;;;;;;;;;;;;;1;0;0;0;0;0;1;0;0;0;0;1
2W6P;1.0;22.0;1.96;73.0;20.0;2.0;0.0;0.0;2.0;2;1.0;2.0;1.0;1.0;1.0;0;2.0;0.0;2.0;1.0;2.0;2F8S;;;;;;;;;;;;;;;;;0;0;0;1;0;1;0;0;0;1;0;1
2W9X;1.0;22.0;1.86;85.0;25.0;3.0;0.0;0.0;1.0;2;1.0;2.0;0.0;0.0;0.0;0;2.0;0.0;3.0;1.0;2.0;6W8Z;;;;;;;;;;;;;;;;;0;0;0;1;0;1;0;0;1;0;0;1
2Y1K;1.0;18.0;1.82;70.0;20.0;2.0;0.0;0.0;2.0;2;0.0;6.0;1.0;1.0;1.0;2;3.0;0.0;3.0;0.0;6.0;6K3Y;3O6S;7M6P;8T4H;7A7P;;;;;;;;;;;;;1;0;0;0;0;1;0;0;0;1;0;1
2Y1M;1.0;20.0;1.71;67.0;25.0;3.0;1.0;0.0;2.0;4;1.0;3.0;1.0;1.0;1.0;1;2.0;0.0;2.0;2.0;3.0;0Q5P;9A9I;;;;;;;;;;;;;;;;1;0;0;1;0;0;1;0;1;0;0;1
2Y1W;1.0;18.0;1.83;72.0;20.0;2.0;0.0;0.0;2.0;4;1.0;11.0;1.0;1.0;1.0;0;0.0;0.0;1.0;2.0;8.0;4H1P;7K8M;2A1P;1B2S;8H4M;0Z9C;8O3V;;;;;;;;;;;0;1;0;0;1;0;1;0;0;0;1;1
2Y2Q;1.0;18.0;1.87;84.0;25.0;2.0;0.0;0.0;1.0;2;0.0;1.0;0.0;0.0;0.0;0;2.0;0.0;2.0;1.0;3.0;;;;;;;;;;;;;;;;;;1;0;0;0;0;1;0;0;0;0;0;1
2Y5X;1.0;24.0;1.9;100.0;30.0;2.0;0.0;0.0;2.0;1;0.0;4.0;0.0;0.0;0.0;1;3.0;0.0;3.0;1.0;3.0;;;;;;;;;;;;;;;;;;1;0;0;0;0;1;0;0;0;0;0;0
2Z9A;1.0;19.0;1.82;70.0;20.0;3.0;0.0;0.0;1.0;2;1.0;10.0;1.0;1.0;1.0;1;2.0;0.0;3.0;0.0;3.0;2R9X;1U7O;;;;;;;;;;;;;;;;1;0;0;0;1;1;0;0;0;0;0;1
2Z9H;0.0;19.0;1.63;60.0;25.0;1.0;0.0;0.0;2.0;1;1.0;2.0;1.0;1.0;1.0;1;2.0;1.0;2.0;1.0;4.0;8N8Q;9G6O;4W2W;;;;;;;;;;;;;;;1;0;1;0;0;1;0;0;0;0;0;1
3C4H;0.0;21.0;1.6;48.0;20.0;2.0;0.0;0.0;1.0;4;1.0;5.0;1.0;1.0;1.0;0;0.0;0.0;2.0;3.0;3.0;;;;;;;;;;;;;;;;;;0;0;0;0;1;1;0;0;0;1;0;1
3E1Q;1.0;22.0;1.81;74.0;25.0;2.0;0.0;0.0;0.0;1;1.0;2.0;1.0;1.0;1.0;0;2.0;0.0;2.0;0.0;2.0;5L0V;;;;;;;;;;;;;;;;;0;0;1;0;0;0;1;0;1;0;0;1
3E3Y;1.0;22.0;1.8;70.0;20.0;2.0;0.0;0.0;2.0;4;1.0;4.0;1.0;1.0;1.0;3;2.0;0.0;3.0;0.0;3.0;;;;;;;;;;;;;;;;;;0;0;0;0;0;1;0;0;0;0;0;1
3F4Z;1.0;20.0;1.82;69.0;20.0;1.0;0.0;0.0;2.0;2;1.0;4.0;1.0;1.0;1.0;0;3.0;0.0;1.0;0.0;5.0;0I7G;4C0V;;;;;;;;;;;;;;;;0;0;0;0;1;0;0;1;1;0;0;1
3G0E;0.0;20.0;1.68;59.0;20.0;0.0;0.0;0.0;1.0;1;0.0;1.0;0.0;0.0;0.0;0;2.0;0.0;2.0;2.0;3.0;;;;;;;;;;;;;;;;;;0;0;0;1;0;0;1;0;0;1;0;1
3H8D;0.0;22.0;1.7;73.0;25.0;0.0;1.0;0.0;2.0;4;0.0;9.0;1.0;1.0;1.0;0;3.0;0.0;3.0;1.0;5.0;9J2Z;5L2C;1G3P;1O2H;;;;;;;;;;;;;;0;0;0;1;0;1;0;0;0;0;1;1
3K7S;0.0;27.0;1.53;58.0;25.0;0.0;0.0;0.0;2.0;1;1.0;2.0;0.0;0.0;0.0;0;0.0;0.0;1.0;1.0;2.0;4E4W;;;;;;;;;;;;;;;;;1;0;0;1;0;1;0;0;1;0;0;1
3K9G;1.0;21.0;1.85;73.0;20.0;3.0;0.0;0.0;2.0;1;1.0;7.0;1.0;0.0;0.0;0;3.0;0.0;3.0;1.0;7.0;5F9Z;6C3U;3Y2G;6G4G;4D2Y;0Y5X;;;;;;;;;;;;0;0;0;0;0;0;1;0;1;1;0;1
3L2B;0.0;22.0;1.68;58.0;20.0;2.0;0.0;0.0;2.0;2;1.0;2.0;1.0;1.0;1.0;1;2.0;0.0;2.0;1.0;2.0;1I1F;;;;;;;;;;;;;;;;;0;0;0;0;0;1;0;0;0;0;0;1
3L6Q;1.0;23.0;1.76;60.0;20.0;3.0;1.0;0.0;2.0;2;1.0;3.0;1.0;1.0;1.0;1;3.0;0.0;2.0;1.0;3.0;5R0T;1J5T;;;;;;;;;;;;;;;;1;0;1;0;0;0;1;0;0;0;0;1
3M5G;1.0;19.0;1.8;60.0;20.0;0.0;1.0;1.0;2.0;1;1.0;8.0;0.0;0.0;0.0;0;0.0;0.0;3.0;0.0;8.0;0G2I;7U3T;2F2B;0D4Y;7N7F;6T9D;6E9U;;;;;;;;;;;1;0;0;0;1;0;0;1;1;0;0;0
3M6S;0.0;19.0;1.64;53.0;20.0;2.0;0.0;0.0;1.0;2;1.0;15.0;1.0;1.0;1.0;3;1.0;0.0;3.0;0.0;6.0;5A0R;0O9T;0X7C;3R3M;2M6T;;;;;;;;;;;;;0;1;0;0;0;0;1;0;0;0;0;1
3O2U;1.0;22.0;1.78;60.0;20.0;2.0;0.0;0.0;2.0;4;1.0;2.0;1.0;1.0;1.0;2;3.0;0.0;2.0;2.0;2.0;3V4C;;;;;;;;;;;;;;;;;0;0;0;0;0;1;0;0;0;0;0;1
3O6S;1.0;19.0;1.7;100.0;35.0;0.0;0.0;0.0;2.0;0;0.0;6.0;1.0;1.0;1.0;0;2.0;0.0;2.0;1.0;6.0;2Y1K;6K3Y;7A7P;7M6P;8T4H;;;;;;;;;;;;;1;0;0;0;0;1;0;0;0;1;0;1
3O6U;0.0;21.0;1.75;70.0;25.0;2.0;0.0;0.0;1.0;0;1.0;10.0;1.0;1.0;1.0;0;2.0;0.0;2.0;1.0;10.0;4A7O;0F1W;9B5K;1R9D;2R7A;1O2T;9M5B;1W7I;5Q1R;;;;;;;;;0;0;0;0;0;1;0;0;1;1;0;1
3Q2Q;0.0;21.0;1.7;56.0;20.0;2.0;1.0;0.0;2.0;4;1.0;1.0;0.0;0.0;0.0;0;3.0;0.0;2.0;1.0;2.0;8E0Y;;;;;;;;;;;;;;;;;1;0;0;1;0;0;1;0;0;0;0;1
3Q5T;1.0;29.0;1.7;56.0;20.0;2.0;0.0;0.0;2.0;0;1.0;4.0;0.0;0.0;0.0;0;2.0;0.0;2.0;0.0;4.0;8D7X;8S7P;3U9V;;;;;;;;;;;;;;;0;0;1;0;0;1;0;0;0;1;0;1
3Q7Q;1.0;20.0;1.76;69.0;20.0;3.0;1.0;0.0;2.0;2;1.0;3.0;1.0;1.0;1.0;0;1.0;0.0;2.0;2.0;3.0;5C0L;1K9O;;;;;;;;;;;;;;;;1;0;0;0;1;0;1;0;0;0;0;1
3R3M;1.0;21.0;1.8;72.0;20.0;1.0;0.0;0.0;1.0;1;1.0;12.0;1.0;1.0;1.0;3;3.0;0.0;0.0;3.0;6.0;0X7C;2M6T;0O9T;5A0R;3M6S;;;;;;;;;;;;;1;0;0;0;0;0;1;0;0;0;0;1
3R5P;0.0;21.0;1.63;42.0;15.0;2.0;0.0;0.0;2.0;4;1.0;2.0;0.0;0.0;0.0;0;3.0;0.0;3.0;1.0;3.0;1W6X;1T9W;;;;;;;;;;;;;;;;0;0;0;1;0;1;0;0;1;0;0;1
3R8M;1.0;20.0;1.7;70.0;25.0;3.0;0.0;0.0;2.0;0;1.0;4.0;0.0;1.0;1.0;0;3.0;0.0;3.0;1.0;3.0;;;;;;;;;;;;;;;;;;0;1;1;0;0;0;0;1;0;0;0;1
3S3F;1.0;22.0;1.72;75.0;25.0;1.0;1.0;0.0;2.0;2;1.0;3.0;1.0;1.0;1.0;1;1.0;0.0;2.0;1.0;3.0;0X6C;4G9N;;;;;;;;;;;;;;;;0;0;1;0;0;0;1;0;0;1;1;1
3S5G;0.0;21.0;1.63;55.0;20.0;1.0;0.0;0.0;2.0;1;1.0;10.0;1.0;1.0;1.0;1;3.0;0.0;3.0;0.0;14.0;4O8C;1Y7U;2J2X;8Q9F;9X1Z;0H5L;1S8D;7N0N;1A9V;6A4U;4R8R;7R7Y;9C8Y;;;;;0;0;0;0;1;1;0;0;0;1;0;1
3T0E;0.0;18.0;1.73;53.0;20.0;1.0;0.0;0.0;2.0;1;1.0;5.0;0.0;0.0;0.0;0;2.0;0.0;3.0;2.0;5.0;5D1Z;5J3M;8G7E;8G8P;;;;;;;;;;;;;;1;0;0;0;0;1;0;0;1;0;0;1
3T0P;0.0;22.0;1.67;66.0;25.0;1.0;1.0;1.0;2.0;2;1.0;8.0;0.0;0.0;0.0;1;1.0;1.0;2.0;1.0;7.0;9A0P;0A8B;8I1P;4M3X;9F9T;0F7G;;;;;;;;;;;;1;0;0;0;0;0;0;1;0;0;0;1
3U7V;1.0;20.0;1.76;60.0;20.0;1.0;0.0;0.0;2.0;2;1.0;5.0;1.0;1.0;1.0;1;1.0;0.0;2.0;0.0;4.0;7A0X;0U8E;5Z4K;;;;;;;;;;;;;;;0;0;1;0;0;1;0;0;1;0;0;1
3U8T;1.0;20.0;1.74;64.0;20.0;2.0;0.0;0.0;1.0;2;1.0;4.0;1.0;1.0;1.0;0;0.0;0.0;2.0;1.0;4.0;7H9N;0I8Y;5R8S;;;;;;;;;;;;;;;1;0;0;0;0;1;0;0;1;0;0;1
3U9V;1.0;24.0;1.8;70.0;20.0;2.0;0.0;0.0;2.0;2;1.0;4.0;1.0;1.0;1.0;1;2.0;0.0;2.0;1.0;4.0;8D7X;3Q5T;8S7P;;;;;;;;;;;;;;;0;0;0;1;0;1;0;0;0;1;0;1
3V0A;1.0;24.0;1.9;83.0;25.0;2.0;0.0;0.0;2.0;2;0.0;1.0;0.0;0.0;0.0;0;1.0;0.0;2.0;1.0;1.0;;;;;;;;;;;;;;;;;;0;0;0;1;0;0;1;0;0;1;0;1
3V4C;0.0;22.0;1.66;55.0;20.0;1.0;1.0;0.0;2.0;4;1.0;2.0;1.0;1.0;1.0;3;3.0;1.0;3.0;1.0;2.0;3O2U;;;;;;;;;;;;;;;;;0;0;0;0;0;1;0;0;0;0;0;1
3V6V;1.0;21.0;1.8;50.0;15.0;1.0;0.0;0.0;2.0;4;1.0;2.0;1.0;1.0;1.0;0;1.0;0.0;1.0;2.0;2.0;0I6B;;;;;;;;;;;;;;;;;1;0;0;1;1;1;0;0;0;0;0;1
3W5V;0.0;19.0;1.56;48.0;20.0;2.0;0.0;0.0;2.0;1;0.0;2.0;1.0;1.0;1.0;1;3.0;0.0;2.0;0.0;2.0;0R4J;;;;;;;;;;;;;;;;;0;0;0;1;0;0;1;0;0;1;0;1
3W7U;1.0;21.0;1.85;67.0;20.0;2.0;0.0;0.0;1.0;2;1.0;5.0;1.0;1.0;1.0;0;2.0;0.0;2.0;1.0;5.0;3P0Q;7K6K;4K9H;9K2R;;;;;;;;;;;;;;1;0;0;0;0;0;1;0;1;0;0;1
3Y2G;1.0;21.0;1.8;70.0;20.0;1.0;1.0;1.0;2.0;4;1.0;7.0;1.0;0.0;0.0;0;0.0;0.0;2.0;2.0;7.0;0Y5X;4D2Y;6C3U;5F9Z;3K9G;6G4G;;;;;;;;;;;;0;1;0;0;1;0;0;1;1;0;0;1
3Y3E;1.0;20.0;1.82;70.0;20.0;2.0;0.0;0.0;2.0;1;1.0;2.0;1.0;1.0;1.0;0;0.0;0.0;3.0;0.0;2.0;2U5M;;;;;;;;;;;;;;;;;1;0;0;0;1;0;1;0;1;0;0;1
4A1V;1.0;21.0;1.68;55.0;20.0;2.0;0.0;0.0;2.0;1;0.0;6.0;1.0;1.0;1.0;1;3.0;0.0;2.0;0.0;6.0;6U3B;8B8H;2L2Z;8W4Q;0R4X;;;;;;;;;;;;;1;0;0;0;0;1;0;0;0;0;1;1
4A4Z;1.0;21.0;1.86;75.0;20.0;3.0;0.0;0.0;1.0;2;1.0;3.0;1.0;1.0;1.0;0;3.0;0.0;3.0;0.0;2.0;4D8M;;;;;;;;;;;;;;;;;1;1;0;0;0;0;0;1;0;1;0;1
4A7O;1.0;25.0;1.7;80.0;30.0;1.0;0.0;0.0;2.0;1;1.0;10.0;1.0;1.0;1.0;2;3.0;0.0;2.0;0.0;10.0;0F1W;9B5K;2R7A;3O6U;9M5B;5Q1R;1W7I;1O2T;1R9D;;;;;;;;;0;0;0;0;1;1;0;1;0;1;0;1
4B5E;1.0;23.0;1.71;70.0;25.0;1.0;1.0;0.0;2.0;1;1.0;3.0;1.0;1.0;1.0;0;3.0;0.0;3.0;2.0;3.0;9P2T;9E7A;;;;;;;;;;;;;;;;1;0;1;0;0;0;1;0;0;0;0;1
4C0V;1.0;21.0;1.88;78.0;20.0;1.0;1.0;1.0;2.0;2;1.0;3.0;1.0;1.0;1.0;0;1.0;0.0;3.0;0.0;5.0;0I7G;3F4Z;;;;;;;;;;;;;;;;1;0;0;0;0;0;0;1;0;0;0;1
4D0S;1.0;18.0;1.85;64.0;20.0;3.0;0.0;0.0;2.0;2;1.0;3.0;1.0;0.0;0.0;1;2.0;0.0;2.0;1.0;3.0;8P9D;8N1H;;;;;;;;;;;;;;;;1;0;1;0;0;0;1;0;1;0;0;1
4D2Y;1.0;21.0;1.7;63.0;20.0;1.0;0.0;0.0;2.0;4;0.0;1.0;1.0;0.0;0.0;0;0.0;0.0;2.0;0.0;7.0;3K9G;5F9Z;0Y5X;3Y2G;6C3U;6G4G;;;;;;;;;;;;0;0;0;0;0;1;0;0;1;1;0;1
4D4V;1.0;21.0;1.78;75.0;25.0;2.0;0.0;0.0;2.0;2;1.0;4.0;1.0;1.0;1.0;1;3.0;0.0;3.0;3.0;2.0;5Y6U;;;;;;;;;;;;;;;;;1;0;0;0;1;1;0;0;0;0;0;1
4D8M;1.0;20.0;1.78;63.0;20.0;3.0;0.0;0.0;1.0;2;1.0;3.0;1.0;1.0;1.0;0;0.0;1.0;3.0;1.0;2.0;4A4Z;;;;;;;;;;;;;;;;;0;1;0;0;0;0;1;0;0;1;0;1
4F9D;1.0;29.0;1.7;56.0;20.0;2.0;0.0;0.0;2.0;1;1.0;4.0;0.0;0.0;0.0;1;1.0;0.0;2.0;0.0;4.0;5M0T;9R6Y;1G7G;;;;;;;;;;;;;;;0;0;1;0;0;0;1;0;0;0;1;1
4H1P;1.0;18.0;1.69;56.0;20.0;1.0;0.0;0.0;2.0;2;1.0;11.0;1.0;0.0;0.0;0;2.0;0.0;3.0;2.0;8.0;2Y1W;2A1P;7K8M;1B2S;8H4M;0Z9C;8O3V;;;;;;;;;;;1;0;0;0;1;1;0;0;1;0;0;1
4H1X;1.0;19.0;1.87;75.0;20.0;2.0;0.0;0.0;2.0;0;0.0;6.0;1.0;1.0;1.0;0;0.0;2.0;3.0;0.0;6.0;6V9Q;1Y9W;1C3K;0H8R;8N4I;;;;;;;;;;;;;0;0;0;0;0;1;0;0;0;0;0;0
4K3B;1.0;20.0;1.77;64.0;20.0;2.0;0.0;0.0;1.0;1;1.0;6.0;0.0;0.0;0.0;0;2.0;0.0;1.0;0.0;3.0;6H4A;1Y9T;;;;;;;;;;;;;;;;0;0;0;0;0;0;0;1;1;0;0;0
4L1N;1.0;18.0;1.95;77.0;20.0;0.0;0.0;0.0;2.0;1;1.0;4.0;1.0;1.0;1.0;1;3.0;2.0;3.0;0.0;4.0;7K6G;5D2H;3S6B;;;;;;;;;;;;;;;0;0;0;0;1;1;0;0;1;0;0;1
4M4I;1.0;25.0;1.7;71.0;25.0;1.0;0.0;0.0;1.0;2;1.0;5.0;1.0;0.0;0.0;0;1.0;1.0;1.0;0.0;6.0;9I2L;9I1E;9R1R;8A1R;1F9Y;;;;;;;;;;;;;0;0;0;1;1;1;0;0;0;0;0;1
4O4Z;1.0;21.0;1.71;85.0;30.0;2.0;0.0;0.0;1.0;4;0.0;1.0;0.0;0.0;0.0;0;3.0;0.0;2.0;1.0;3.0;;;;;;;;;;;;;;;;;;1;0;0;1;0;1;0;0;0;0;0;1
4O8C;1.0;21.0;1.84;66.0;20.0;1.0;0.0;0.0;2.0;2;1.0;8.0;1.0;1.0;1.0;0;3.0;0.0;2.0;0.0;14.0;1Y7U;2J2X;8Q9F;9X1Z;0H5L;1S8D;7N0N;3S5G;1A9V;6A4U;4R8R;9C8Y;7R7Y;;;;;0;0;0;0;1;1;0;1;0;1;0;1
4P8C;0.0;25.0;1.65;50.0;20.0;2.0;0.0;0.0;2.0;2;1.0;5.0;1.0;1.0;1.0;0;3.0;0.0;2.0;0.0;5.0;5L7H;5Q8S;1V0X;5W0Z;;;;;;;;;;;;;;1;0;0;1;0;1;0;0;0;1;0;1
4S9Z;1.0;22.0;1.89;85.0;25.0;2.0;0.0;0.0;1.0;2;0.0;2.0;1.0;1.0;1.0;0;0.0;0.0;1.0;2.0;3.0;;;;;;;;;;;;;;;;;;1;0;0;1;0;1;0;0;0;0;0;1
4T1L;0.0;21.0;1.67;56.0;20.0;3.0;0.0;0.0;2.0;1;1.0;2.0;0.0;0.0;0.0;0;1.0;2.0;1.0;2.0;2.0;3W6I;;;;;;;;;;;;;;;;;0;0;0;0;0;0;1;0;1;0;0;1
4U3U;1.0;23.0;1.78;71.0;20.0;3.0;0.0;0.0;2.0;4;0.0;1.0;1.0;0.0;0.0;0;3.0;1.0;2.0;0.0;1.0;;;;;;;;;;;;;;;;;;1;0;1;0;0;1;1;0;0;1;0;1
4U8Q;1.0;18.0;1.77;85.0;25.0;1.0;0.0;0.0;2.0;1;1.0;8.0;1.0;1.0;1.0;0;0.0;0.0;3.0;3.0;3.0;;3M8I;;;;;;;;;;;;;;;;0;1;0;0;0;0;1;0;1;0;1;1
4U9D;1.0;19.0;1.8;62.0;20.0;2.0;0.0;0.0;2.0;1;1.0;3.0;1.0;1.0;1.0;0;3.0;2.0;3.0;1.0;3.0;8W4J;9K0Q;;;;;;;;;;;;;;;;1;0;0;0;0;0;1;0;0;0;0;1
4W5E;1.0;21.0;1.83;70.0;20.0;2.0;1.0;1.0;2.0;2;0.0;1.0;0.0;0.0;0.0;0;2.0;0.0;3.0;1.0;1.0;;;;;;;;;;;;;;;;;;1;0;0;1;0;0;1;0;0;0;0;1
4Z5F;1.0;21.0;1.68;58.0;20.0;0.0;0.0;0.0;2.0;1;0.0;1.0;0.0;0.0;0.0;0;2.0;1.0;1.0;0.0;1.0;;;;;;;;;;;;;;;;;;0;1;0;0;0;1;0;0;1;0;0;1
5A5R;1.0;32.0;1.71;76.0;25.0;1.0;0.0;0.0;0.0;2;0.0;1.0;0.0;0.0;0.0;0;3.0;0.0;2.0;1.0;1.0;;;;;;;;;;;;;;;;;;0;0;1;0;0;1;0;0;0;1;0;1
5B2Z;1.0;21.0;1.95;68.0;20.0;2.0;0.0;0.0;2.0;1;1.0;4.0;1.0;1.0;1.0;0;0.0;0.0;3.0;0.0;4.0;0O5Q;5I3E;9J6M;;;;;;;;;;;;;;;0;0;0;0;0;1;0;0;1;0;0;1
5B3U;1.0;23.0;1.75;60.0;20.0;1.0;1.0;1.0;2.0;2;0.0;1.0;1.0;0.0;0.0;0;3.0;1.0;2.0;2.0;1.0;;;;;;;;;;;;;;;;;;1;0;0;1;0;0;0;1;0;1;0;1
5C7B;1.0;21.0;1.84;93.0;25.0;2.0;0.0;1.0;1.0;2;0.0;1.0;1.0;0.0;0.0;0;2.0;1.0;2.0;2.0;3.0;;;;;;;;;;;;;;;;;;1;0;0;1;0;0;0;1;1;0;0;0
5C9D;0.0;21.0;1.73;72.0;25.0;2.0;1.0;1.0;2.0;4;1.0;2.0;1.0;1.0;1.0;0;2.0;0.0;0.0;1.0;2.0;0G1P;;;;;;;;;;;;;;;;;1;0;0;0;0;0;1;0;1;0;0;1
5D1Z;1.0;18.0;1.94;75.0;20.0;2.0;0.0;0.0;2.0;2;1.0;5.0;1.0;1.0;1.0;0;3.0;0.0;3.0;2.0;5.0;5J3M;3T0E;8G8P;8G7E;;;;;;;;;;;;;;0;0;0;0;0;1;0;0;1;0;0;1
5D2H;1.0;19.0;1.91;72.0;20.0;1.0;0.0;0.0;1.0;2;1.0;4.0;0.0;1.0;1.0;0;3.0;0.0;3.0;0.0;4.0;7K6G;4L1N;3S6B;;;;;;;;;;;;;;;0;0;0;0;0;1;0;0;1;0;0;1
5F9Z;1.0;21.0;1.88;65.0;20.0;2.0;1.0;0.0;2.0;2;1.0;7.0;1.0;1.0;1.0;0;3.0;0.0;3.0;2.0;7.0;6C3U;3K9G;6G4G;0Y5X;3Y2G;4D2Y;;;;;;;;;;;;0;0;0;0;0;1;0;0;1;1;0;1
5G0U;0.0;18.0;1.685;54.0;20.0;0.0;0.0;0.0;1.0;1;0.0;1.0;1.0;0.0;0.0;0;0.0;0.0;2.0;1.0;3.0;;;;;;;;;;;;;;;;;;0;0;0;0;1;1;0;0;0;0;1;1
5G9R;1.0;21.0;1.83;75.0;20.0;3.0;0.0;0.0;2.0;4;1.0;3.0;1.0;1.0;1.0;0;0.0;0.0;3.0;2.0;3.0;0M0L;0E2X;;;;;;;;;;;;;;;;1;0;0;0;0;1;0;0;1;0;0;1
5H2S;1.0;18.0;1.73;62.5;20.0;3.0;1.0;0.0;2.0;4;0.0;1.0;1.0;0.0;0.0;1;2.0;0.0;3.0;0.0;3.0;;;;;;;;;;;;;;;;;;1;0;0;1;0;0;0;1;0;0;0;0
5I1U;1.0;18.0;1.9;50.0;15.0;1.0;0.0;0.0;2.0;4;0.0;2.0;1.0;1.0;1.0;1;1.0;0.0;2.0;0.0;2.0;1Y0U;;;;;;;;;;;;;;;;;0;0;0;0;0;1;0;0;0;0;0;1
5I3E;1.0;21.0;1.78;66.0;20.0;2.0;0.0;0.0;2.0;2;1.0;4.0;1.0;0.0;0.0;0;3.0;0.0;3.0;2.0;4.0;0O5Q;5B2Z;9J6M;;;;;;;;;;;;;;;0;0;0;1;0;1;0;0;1;0;0;1
5I5D;0.0;20.0;1.69;53.0;20.0;2.0;1.0;1.0;2.0;2;1.0;5.0;1.0;1.0;1.0;2;2.0;0.0;3.0;1.0;3.0;1O0R;3V9C;;;;;;;;;;;;;;;;0;0;0;1;0;1;0;0;0;1;0;1
5J1R;1.0;28.0;1.7;83.0;30.0;2.0;1.0;0.0;2.0;2;1.0;2.0;1.0;1.0;1.0;0;0.0;0.0;3.0;0.0;2.0;8W0W;;;;;;;;;;;;;;;;;0;0;1;0;0;0;1;0;0;1;0;1
5J3M;0.0;18.0;1.75;54.0;20.0;1.0;0.0;0.0;2.0;2;1.0;5.0;1.0;1.0;1.0;0;1.0;0.0;2.0;2.0;5.0;5D1Z;8G8P;3T0E;8G7E;;;;;;;;;;;;;;0;0;0;0;0;1;0;0;0;0;0;1
5L2C;1.0;22.0;1.8;70.0;20.0;3.0;0.0;0.0;2.0;2;0.0;8.0;1.0;1.0;1.0;1;2.0;2.0;3.0;0.0;5.0;3H8D;9J2Z;1O2H;1G3P;;;;;;;;;;;;;;1;0;0;1;0;1;0;0;0;0;1;1
5L7H;1.0;27.0;1.78;72.0;25.0;2.0;1.0;0.0;1.0;0;1.0;5.0;1.0;0.0;0.0;0;0.0;2.0;2.0;3.0;5.0;5Q8S;1V0X;5W0Z;4P8C;;;;;;;;;;;;;;1;0;1;0;0;0;0;1;0;1;0;1
5M0T;1.0;23.0;1.85;55.0;15.0;0.0;0.0;0.0;2.0;0;1.0;4.0;1.0;1.0;1.0;0;0.0;0.0;2.0;0.0;4.0;9R6Y;1G7G;4F9D;;;;;;;;;;;;;;;1;0;1;0;0;1;0;0;1;0;0;1
5M6R;0.0;18.0;1.75;65.0;20.0;1.0;0.0;0.0;2.0;4;0.0;2.0;1.0;1.0;1.0;0;2.0;0.0;3.0;1.0;2.0;8W1L;;;;;;;;;;;;;;;;;1;0;0;0;0;1;0;0;0;0;0;1
5M7S;1.0;18.0;1.85;70.0;20.0;2.0;0.0;0.0;2.0;2;1.0;3.0;1.0;1.0;1.0;0;2.0;0.0;3.0;1.0;3.0;8M0U;9I7L;;;;;;;;;;;;;;;;0;0;1;0;0;0;0;1;1;0;0;0
5O0Y;1.0;26.0;1.8;76.0;25.0;2.0;0.0;0.0;2.0;2;1.0;2.0;0.0;0.0;0.0;0;3.0;0.0;3.0;1.0;2.0;8K4B;;;;;;;;;;;;;;;;;0;0;0;1;0;1;0;0;1;0;0;1
5P2B;1.0;24.0;1.69;65.0;25.0;2.0;0.0;0.0;2.0;2;0.0;3.0;1.0;1.0;1.0;0;0.0;2.0;3.0;1.0;2.0;4D9G;;;;;;;;;;;;;;;;;1;0;0;1;0;1;0;0;0;0;0;1
5Q1R;0.0;25.0;1.7;72.0;25.0;2.0;0.0;0.0;1.0;2;0.0;1.0;1.0;1.0;0.0;1;3.0;0.0;3.0;1.0;10.0;9M5B;3O6U;2R7A;4A7O;0F1W;9B5K;1R9D;1O2T;1W7I;;;;;;;;;1;0;0;1;0;1;0;0;0;1;0;1
5Q8O;1.0;19.0;1.81;59.0;20.0;2.0;0.0;0.0;2.0;3;1.0;2.0;0.0;1.0;1.0;0;3.0;0.0;3.0;2.0;4.0;2W1G;7V9Y;8X0N;;;;;;;;;;;;;;;0;0;0;1;0;1;0;0;0;1;0;1
5Q8S;1.0;31.0;1.86;89.0;25.0;2.0;0.0;0.0;2.0;1;1.0;5.0;1.0;1.0;1.0;1;1.0;0.0;2.0;0.0;5.0;5L7H;1V0X;5W0Z;4P8C;;;;;;;;;;;;;;1;0;0;1;0;0;1;0;0;0;0;1
5R8S;0.0;20.0;1.9;78.0;20.0;1.0;0.0;0.0;2.0;2;1.0;4.0;1.0;1.0;1.0;0;0.0;0.0;2.0;2.0;4.0;0I8Y;3U8T;7H9N;;;;;;;;;;;;;;;1;0;0;0;0;1;0;0;1;0;0;1
5S4C;1.0;31.0;1.7;60.0;20.0;3.0;1.0;1.0;2.0;2;1.0;8.0;1.0;0.0;0.0;0;3.0;0.0;2.0;1.0;3.0;7R3E;2C5C;;;;;;;;;;;;;;;;0;0;0;1;0;0;0;1;0;1;0;1
5S7A;0.0;28.0;1.6;48.0;20.0;0.0;0.0;0.0;2.0;2;0.0;1.0;0.0;0.0;1.0;0;3.0;0.0;2.0;3.0;1.0;;;;;;;;;;;;;;;;;;1;0;0;0;0;1;0;0;1;1;0;1
5U3X;0.0;23.0;1.6;48.0;20.0;2.0;0.0;0.0;2.0;2;1.0;2.0;1.0;1.0;1.0;0;2.0;0.0;3.0;1.0;2.0;4W4Q;;;;;;;;;;;;;;;;;0;1;0;0;0;0;1;0;1;0;0;1
5W3U;1.0;19.0;1.8;68.0;20.0;2.0;0.0;0.0;1.0;1;1.0;4.0;1.0;1.0;1.0;0;0.0;1.0;2.0;0.0;3.0;9D5O;7J8Y;;;;;;;;;;;;;;;;0;1;0;1;0;1;0;0;1;0;0;1
5W6M;1.0;21.0;1.84;66.0;20.0;1.0;0.0;0.0;2.0;2;1.0;5.0;1.0;1.0;1.0;3;3.0;0.0;3.0;0.0;6.0;8J2L;1L4G;9K2W;1M2Q;2S4Q;;;;;;;;;;;;;0;1;0;1;0;1;0;0;0;0;0;1
5X3K;1.0;22.0;1.76;103.0;35.0;1.0;1.0;1.0;2.0;2;1.0;5.0;0.0;0.0;0.0;0;2.0;0.0;1.0;0.0;5.0;0Y1G;7L7R;7B9M;7F0W;;;;;;;;;;;;;;0;0;1;0;0;0;0;1;0;1;0;1
5Y5L;1.0;18.0;1.89;75.0;20.0;2.0;0.0;0.0;2.0;2;1.0;2.0;0.0;1.0;0.0;0;1.0;0.0;3.0;0.0;7.0;8L2R;8K8L;3H8I;5B4T;5B0B;5U6D;;;;;;;;;;;;1;0;0;0;0;1;0;0;1;0;0;1
5Y6U;1.0;21.0;1.83;66.0;20.0;3.0;1.0;1.0;2.0;4;1.0;4.0;0.0;0.0;1.0;0;1.0;0.0;3.0;2.0;2.0;4D4V;;;;;;;;;;;;;;;;;1;0;0;1;0;0;0;1;1;0;0;0
5Z4K;1.0;20.0;1.75;65.0;20.0;2.0;1.0;0.0;2.0;4;1.0;6.0;1.0;1.0;1.0;1;3.0;0.0;3.0;0.0;4.0;0U8E;3U7V;7A0X;;;;;;;;;;;;;;;0;0;0;0;0;0;1;0;1;0;1;1
6A3C;0.0;19.0;1.67;75.0;25.0;1.0;1.0;0.0;2.0;2;0.0;3.0;1.0;1.0;1.0;0;0.0;0.0;2.0;1.0;3.0;2W9Z;9Z3Q;;;;;;;;;;;;;;;;1;0;0;0;0;0;1;0;0;0;0;1
6A4U;1.0;22.0;1.75;50.0;15.0;2.0;0.0;0.0;2.0;2;1.0;15.0;1.0;1.0;1.0;0;2.0;2.0;3.0;1.0;14.0;4O8C;1Y7U;2J2X;8Q9F;9X1Z;0H5L;1S8D;7N0N;3S5G;1A9V;4R8R;7R7Y;9C8Y;;;;;1;0;0;0;0;0;0;1;1;0;0;1
6C3U;1.0;19.0;1.73;70.0;25.0;2.0;0.0;0.0;2.0;2;1.0;7.0;1.0;1.0;1.0;0;3.0;0.0;3.0;1.0;7.0;3K9G;5F9Z;4D2Y;6G4G;0Y5X;3Y2G;;;;;;;;;;;;0;0;0;0;0;1;0;0;0;1;0;1
6C6J;0.0;19.0;1.65;60.0;20.0;1.0;0.0;0.0;1.0;2;0.0;1.0;1.0;0.0;0.0;1;2.0;1.0;2.0;1.0;1.0;;;;;;;;;;;;;;;;;;0;1;0;0;0;1;0;0;1;0;0;1
6C9H;1.0;19.0;1.69;60.0;20.0;1.0;0.0;0.0;1.0;2;1.0;3.0;1.0;1.0;1.0;0;2.0;0.0;2.0;1.0;3.0;1W8I;6L3J;;;;;;;;;;;;;;;;1;0;0;0;0;0;1;0;1;0;0;1
6C9V;1.0;18.0;1.75;68.0;20.0;2.0;0.0;0.0;2.0;1;0.0;3.0;0.0;0.0;0.0;0;3.0;0.0;3.0;0.0;3.0;2B6T;2Q6Z;;;;;;;;;;;;;;;;1;0;0;1;0;1;0;0;0;0;0;1
6E4S;1.0;20.0;1.83;72.0;20.0;1.0;1.0;1.0;2.0;2;1.0;3.0;0.0;1.0;1.0;0;2.0;0.0;2.0;0.0;3.0;7F1D;9I9S;;;;;;;;;;;;;;;;0;1;0;0;0;0;0;1;0;1;0;1
6F0E;0.0;20.0;1.72;65.0;20.0;3.0;1.0;0.0;2.0;2;1.0;3.0;0.0;0.0;0.0;0;2.0;1.0;1.0;0.0;2.0;0T3B;;;;;;;;;;;;;;;;;0;0;0;0;0;1;0;0;0;0;0;1
6G4G;1.0;19.0;1.7;67.0;25.0;2.0;0.0;0.0;2.0;1;1.0;7.0;1.0;1.0;1.0;0;3.0;0.0;2.0;0.0;7.0;3K9G;4D2Y;6C3U;5F9Z;3Y2G;0Y5X;;;;;;;;;;;;0;0;0;0;1;1;0;0;0;1;0;1
6H0H;0.0;18.0;1.57;40.0;15.0;0.0;1.0;0.0;2.0;2;0.0;1.0;1.0;0.0;0.0;1;2.0;0.0;3.0;2.0;3.0;;;;;;;;;;;;;;;;;;1;0;0;0;1;1;0;0;0;1;0;1
6H4A;1.0;20.0;1.8;65.0;20.0;1.0;0.0;1.0;2.0;4;1.0;5.0;1.0;1.0;1.0;0;0.0;0.0;3.0;0.0;3.0;1Y9T;4K3B;;;;;;;;;;;;;;;;1;0;0;0;0;0;0;1;1;0;0;0
6K3Y;1.0;19.0;1.87;77.0;20.0;3.0;0.0;0.0;1.0;2;0.0;6.0;1.0;1.0;1.0;1;1.0;1.0;1.0;2.0;6.0;7A7P;2Y1K;3O6S;7M6P;8T4H;;;;;;;;;;;;;0;0;0;1;0;1;0;0;0;1;0;1
6L3J;0.0;20.0;1.67;55.0;20.0;2.0;0.0;0.0;2.0;1;1.0;3.0;1.0;1.0;1.0;0;1.0;0.0;2.0;1.0;3.0;6C9H;1W8I;;;;;;;;;;;;;;;;1;0;0;0;0;0;0;1;1;0;0;0
6M1O;1.0;20.0;1.75;60.0;20.0;1.0;0.0;0.0;2.0;2;0.0;1.0;1.0;0.0;0.0;1;3.0;1.0;1.0;1.0;1.0;;;;;;;;;;;;;;;;;;0;1;0;0;1;0;1;0;0;1;0;1
6O4Y;1.0;19.0;1.85;74.0;20.0;1.0;0.0;0.0;2.0;2;1.0;6.0;1.0;1.0;1.0;0;0.0;2.0;3.0;2.0;5.0;0S0Q;0A4U;0R4C;2U4F;;;;;;;;;;;;;;1;0;0;0;0;0;1;0;1;0;0;1
6O7K;0.0;27.0;1.55;60.0;25.0;1.0;0.0;0.0;2.0;1;1.0;2.0;1.0;1.0;1.0;1;2.0;0.0;2.0;1.0;5.0;6V3U;7J8O;8X9Z;3D2B;;;;;;;;;;;;;;1;0;0;1;0;1;0;0;1;0;0;1
6T0P;1.0;20.0;1.78;60.0;20.0;3.0;1.0;0.0;2.0;4;1.0;3.0;1.0;0.0;0.0;0;2.0;1.0;2.0;0.0;3.0;;;;;;;;;;;;;;;;;;1;0;0;1;0;0;1;0;0;1;0;1
6T3Q;1.0;23.0;1.73;75.0;25.0;1.0;0.0;0.0;1.0;1;1.0;6.0;1.0;1.0;1.0;0;3.0;0.0;2.0;1.0;5.0;1J6P;2K9I;9W3O;8K6W;;;;;;;;;;;;;;1;0;0;0;0;1;0;0;1;1;0;1
6T3S;1.0;20.0;1.8;70.0;20.0;2.0;0.0;0.0;2.0;2;0.0;8.0;1.0;1.0;1.0;1;2.0;2.0;2.0;0.0;7.0;4M6N;0Y1T;9B3F;5I5P;9S9J;4R6L;;;;;;;;;;;;1;0;0;1;0;0;1;0;0;0;0;1
6U1H;1.0;18.0;1.78;71.0;20.0;2.0;0.0;0.0;2.0;2;1.0;4.0;0.0;1.0;1.0;0;3.0;0.0;2.0;1.0;3.0;;;;;;;;;;;;;;;;;;0;0;0;0;0;1;0;0;0;0;0;1
6U3B;1.0;20.0;1.85;62.0;20.0;1.0;0.0;0.0;2.0;2;0.0;6.0;1.0;1.0;1.0;0;3.0;0.0;2.0;2.0;6.0;8B8H;2L2Z;0R4X;4A1V;8W4Q;;;;;;;;;;;;;1;0;0;0;0;1;0;0;0;1;0;1
6V3U;1.0;27.0;1.78;72.0;25.0;2.0;1.0;0.0;1.0;0;1.0;3.0;1.0;1.0;1.0;0;2.0;0.0;2.0;2.0;5.0;3D2B;8X9Z;6O7K;7J8O;;;;;;;;;;;;;;0;1;0;1;0;0;1;0;1;0;0;1
6W4Y;0.0;21.0;1.6;49.0;20.0;1.0;0.0;0.0;1.0;2;0.0;2.0;1.0;1.0;1.0;0;2.0;1.0;2.0;2.0;2.0;0P1I;;;;;;;;;;;;;;;;;0;0;0;1;0;1;0;0;0;1;1;1
6W8Z;1.0;21.0;1.78;59.0;20.0;1.0;1.0;1.0;2.0;2;1.0;2.0;1.0;1.0;0.0;0;3.0;0.0;2.0;0.0;2.0;2W9X;;;;;;;;;;;;;;;;;1;0;0;1;0;0;0;1;1;0;0;0
6X9F;1.0;28.0;1.75;75.0;25.0;1.0;0.0;0.0;2.0;4;1.0;2.0;0.0;0.0;0.0;1;3.0;0.0;2.0;2.0;2.0;7B7K;;;;;;;;;;;;;;;;;1;0;0;0;1;0;1;0;0;0;1;1
6Z9V;1.0;19.0;1.75;79.0;25.0;1.0;1.0;0.0;2.0;2;1.0;5.0;0.0;0.0;0.0;0;2.0;0.0;3.0;3.0;3.0;;;;;;;;;;;;;;;;;;1;0;0;0;0;0;1;0;1;0;0;1
7A0X;1.0;19.0;1.79;70.0;20.0;2.0;0.0;0.0;2.0;2;1.0;5.0;1.0;1.0;1.0;1;3.0;0.0;2.0;0.0;4.0;3U7V;0U8E;5Z4K;;;;;;;;;;;;;;;0;0;1;0;0;0;1;0;1;0;0;1
7A7P;1.0;18.0;1.92;76.0;20.0;3.0;0.0;0.0;2.0;1;0.0;6.0;1.0;1.0;1.0;1;2.0;0.0;3.0;0.0;6.0;6K3Y;2Y1K;3O6S;7M6P;8T4H;;;;;;;;;;;;;1;0;0;0;0;1;0;0;0;1;0;1
7B2H;1.0;40.0;1.68;67.0;25.0;1.0;0.0;0.0;2.0;2;1.0;6.0;0.0;0.0;0.0;0;1.0;1.0;2.0;1.0;6.0;6O7D;8S7L;4C3L;1C5X;2Q8X;;;;;;;;;;;;;0;0;0;1;0;1;0;0;0;1;0;1
7B7K;0.0;25.0;1.54;75.0;30.0;1.0;0.0;0.0;2.0;2;1.0;2.0;1.0;1.0;1.0;0;2.0;0.0;2.0;1.0;2.0;6X9F;;;;;;;;;;;;;;;;;0;0;0;0;1;1;0;0;1;0;1;1
7B9M;1.0;22.0;1.81;60.0;20.0;2.0;0.0;0.0;2.0;4;1.0;5.0;1.0;1.0;1.0;0;3.0;0.0;2.0;1.0;5.0;7L7R;5X3K;7F0W;0Y1G;;;;;;;;;;;;;;0;0;0;1;0;1;0;0;0;1;0;1
7D4K;1.0;18.0;1.76;55.0;20.0;2.0;0.0;0.0;2.0;2;1.0;3.0;1.0;1.0;1.0;0;2.0;0.0;3.0;2.0;3.0;8U4I;2M7S;;;;;;;;;;;;;;;;1;0;0;0;1;1;0;0;1;0;0;1
7E3P;1.0;21.0;1.81;85.0;25.0;1.0;1.0;1.0;2.0;2;0.0;5.0;1.0;0.0;0.0;0;0.0;0.0;3.0;2.0;3.0;;;;;;;;;;;;;;;;;;0;0;0;1;0;0;0;1;0;1;1;0
7E4C;1.0;18.0;1.78;57.0;20.0;2.0;0.0;0.0;2.0;2;0.0;1.0;1.0;0.0;0.0;0;3.0;1.0;3.0;0.0;2.0;2U2X;;;;;;;;;;;;;;;;;0;0;0;1;0;1;0;0;0;0;1;1
7E6C;1.0;23.0;1.85;87.0;25.0;0.0;0.0;0.0;2.0;1;1.0;4.0;0.0;0.0;0.0;1;1.0;2.0;3.0;2.0;3.0;;;;;;;;;;;;;;;;;;0;0;0;1;1;1;0;0;1;0;0;1
7F0W;1.0;21.0;1.8;70.0;20.0;3.0;0.0;0.0;2.0;2;1.0;5.0;1.0;1.0;1.0;1;1.0;1.0;3.0;0.0;5.0;5X3K;0Y1G;7L7R;7B9M;;;;;;;;;;;;;;0;0;0;0;1;1;0;0;0;0;1;1
7F1D;1.0;20.0;1.83;70.0;20.0;1.0;0.0;0.0;2.0;2;1.0;3.0;1.0;1.0;1.0;0;3.0;0.0;2.0;1.0;3.0;9I9S;6E4S;;;;;;;;;;;;;;;;0;1;0;0;0;1;0;0;0;1;0;1
7F5N;1.0;19.0;1.87;84.0;25.0;2.0;0.0;0.0;2.0;2;1.0;16.0;1.0;1.0;1.0;0;2.0;0.0;3.0;0.0;7.0;2G9N;3W3R;0S7C;2G0T;1N9S;1J4B;;;;;;;;;;;;0;0;0;0;0;1;0;0;0;0;0;1
7F8H;1.0;19.0;1.82;65.0;20.0;2.0;1.0;0.0;2.0;2;1.0;2.0;1.0;1.0;0.0;0;0.0;0.0;2.0;0.0;2.0;0A2A;;;;;;;;;;;;;;;;;0;0;0;0;0;1;0;0;1;0;0;1
7H7Y;1.0;20.0;1.72;58.0;20.0;1.0;0.0;0.0;1.0;2;1.0;3.0;1.0;1.0;1.0;0;3.0;0.0;1.0;0.0;2.0;2N5P;;;;;;;;;;;;;;;;;1;0;0;0;0;1;0;0;0;1;0;1
7H9N;1.0;21.0;1.83;78.0;25.0;1.0;0.0;0.0;2.0;1;1.0;4.0;1.0;1.0;1.0;0;2.0;0.0;2.0;2.0;4.0;3U8T;0I8Y;5R8S;;;;;;;;;;;;;;;1;0;0;0;0;1;0;0;1;0;0;1
7I1E;1.0;21.0;1.78;75.0;25.0;2.0;0.0;0.0;1.0;2;1.0;2.0;1.0;1.0;1.0;0;0.0;0.0;2.0;1.0;2.0;2J2Y;;;;;;;;;;;;;;;;;0;1;1;0;0;1;0;0;0;0;0;1
7I5L;1.0;18.0;1.75;89.0;30.0;2.0;0.0;0.0;2.0;3;1.0;2.0;1.0;1.0;1.0;0;0.0;1.0;2.0;2.0;2.0;7N3X;;;;;;;;;;;;;;;;;1;0;0;0;0;1;0;0;1;0;0;1
7J6U;1.0;22.0;1.75;65.0;20.0;3.0;0.0;0.0;2.0;2;0.0;2.0;1.0;1.0;1.0;0;2.0;0.0;2.0;2.0;2.0;1M2F;;;;;;;;;;;;;;;;;0;0;0;1;0;1;0;0;0;1;1;1
7J8M;1.0;21.0;1.71;60.0;20.0;1.0;1.0;0.0;1.0;1;0.0;2.0;1.0;1.0;1.0;0;1.0;1.0;1.0;1.0;2.0;2C0W;;;;;;;;;;;;;;;;;1;0;0;0;0;0;0;1;0;1;0;0
7J8O;1.0;26.0;1.82;70.0;20.0;3.0;0.0;0.0;2.0;2;1.0;3.0;1.0;1.0;1.0;0;3.0;0.0;3.0;0.0;5.0;6V3U;8X9Z;3D2B;6O7K;;;;;;;;;;;;;;1;0;1;0;0;1;0;0;0;0;0;1
7J8Y;1.0;20.0;1.73;58.0;20.0;2.0;1.0;1.0;2.0;4;1.0;4.0;1.0;1.0;1.0;0;2.0;1.0;3.0;2.0;3.0;9D5O;5W3U;;;;;;;;;;;;;;;;1;0;0;1;0;0;0;1;0;0;0;0
7K6G;1.0;19.0;1.7;64.0;20.0;3.0;0.0;0.0;2.0;2;1.0;4.0;1.0;1.0;1.0;0;2.0;0.0;3.0;0.0;4.0;5D2H;3S6B;4L1N;;;;;;;;;;;;;;;0;0;0;0;0;1;0;0;1;0;0;1
7K6K;1.0;21.0;1.8;68.0;20.0;3.0;1.0;1.0;2.0;2;1.0;5.0;0.0;0.0;0.0;0;0.0;0.0;3.0;3.0;5.0;4K9H;3W7U;9K2R;3P0Q;;;;;;;;;;;;;;1;0;0;1;0;0;0;1;1;0;0;1
7M6P;1.0;19.0;1.91;85.0;25.0;2.0;0.0;0.0;2.0;1;0.0;6.0;1.0;1.0;1.0;0;2.0;1.0;2.0;0.0;6.0;7A7P;6K3Y;2Y1K;3O6S;8T4H;;;;;;;;;;;;;1;0;0;0;0;1;0;0;0;1;0;1
7N0N;0.0;22.0;1.58;50.0;20.0;1.0;0.0;0.0;2.0;2;1.0;15.0;1.0;1.0;1.0;1;2.0;1.0;1.0;2.0;14.0;4O8C;1Y7U;2J2X;8Q9F;9X1Z;0H5L;1S8D;3S5G;1A9V;6A4U;4R8R;7R7Y;9C8Y;;;;;0;0;0;0;1;1;0;1;1;0;1;1
7N3X;1.0;18.0;1.67;52.0;20.0;1.0;0.0;0.0;2.0;2;1.0;2.0;0.0;1.0;1.0;0;1.0;0.0;3.0;1.0;2.0;7I5L;;;;;;;;;;;;;;;;;0;0;0;1;0;1;0;0;0;0;1;1
7N7F;1.0;19.0;1.65;58.0;20.0;1.0;1.0;1.0;2.0;2;1.0;11.0;0.0;0.0;0.0;0;1.0;0.0;3.0;2.0;8.0;2F2B;0G2I;3M5G;6E9U;0D4Y;7U3T;6T9D;;;;;;;;;;;0;1;0;1;0;0;0;1;1;0;0;0
7P8D;1.0;21.0;1.79;100.0;30.0;0.0;0.0;0.0;2.0;2;0.0;1.0;0.0;0.0;0.0;0;2.0;0.0;1.0;1.0;1.0;;;;;;;;;;;;;;;;;;1;0;0;0;0;1;0;0;1;0;0;1
7R3E;1.0;25.0;1.73;82.0;25.0;3.0;0.0;0.0;1.0;2;1.0;8.0;1.0;1.0;1.0;1;2.0;2.0;1.0;0.0;3.0;5S4C;2C5C;;;;;;;;;;;;;;;;0;0;0;1;0;1;0;0;0;0;0;1
7T4X;1.0;19.0;1.76;70.0;25.0;3.0;0.0;0.0;2.0;0;1.0;3.0;1.0;1.0;1.0;0;0.0;0.0;2.0;0.0;3.0;1B3G;1W3S;;;;;;;;;;;;;;;;0;0;0;0;0;1;0;0;1;0;0;1
7U3T;1.0;20.0;1.8;63.0;20.0;2.0;0.0;0.0;2.0;2;1.0;8.0;1.0;1.0;1.0;2;1.0;1.0;2.0;0.0;8.0;2F2B;6E9U;0D4Y;7N7F;0G2I;6T9D;3M5G;;;;;;;;;;;1;0;0;0;0;0;0;1;1;0;0;0
7U7X;0.0;19.0;1.65;60.0;20.0;2.0;1.0;0.0;2.0;2;1.0;4.0;0.0;0.0;0.0;0;3.0;1.0;2.0;2.0;3.0;;;;;;;;;;;;;;;;;;1;0;0;1;0;0;1;0;1;0;0;1
7V3K;1.0;20.0;1.78;65.0;20.0;1.0;0.0;0.0;2.0;2;1.0;6.0;1.0;1.0;1.0;1;3.0;1.0;2.0;0.0;2.0;2I7P;;;;;;;;;;;;;;;;;1;0;0;1;0;0;1;1;0;0;0;1
7V9Y;1.0;20.0;1.86;56.0;15.0;0.0;1.0;0.0;2.0;0;1.0;10.0;1.0;1.0;1.0;2;1.0;2.0;2.0;2.0;4.0;8X0N;;2W1G;;;;;;;;;;;;;;;0;0;0;0;0;1;0;0;0;0;0;1
7Z3H;1.0;18.0;1.75;58.0;20.0;2.0;0.0;0.0;1.0;2;1.0;5.0;1.0;1.0;1.0;1;1.0;0.0;3.0;0.0;2.0;1G6O;;;;;;;;;;;;;;;;;0;1;0;0;0;1;0;0;1;0;0;1
8A1R;1.0;41.0;1.79;73.0;25.0;2.0;0.0;0.0;1.0;1;1.0;6.0;0.0;0.0;0.0;0;2.0;0.0;2.0;1.0;6.0;9I2L;9R1R;9I1E;4M4I;1F9Y;;;;;;;;;;;;;0;1;0;1;0;0;0;1;0;1;0;1
8A4O;1.0;23.0;1.81;66.0;20.0;1.0;1.0;0.0;2.0;2;0.0;1.0;0.0;0.0;0.0;1;2.0;1.0;2.0;2.0;1.0;;;;;;;;;;;;;;;;;;1;0;0;1;0;1;0;0;0;0;0;1
8B5X;1.0;19.0;1.64;62.0;25.0;0.0;0.0;0.0;2.0;2;1.0;5.0;1.0;0.0;0.0;1;2.0;0.0;2.0;2.0;6.0;1N9J;8I1G;0Y2Q;5S8N;2F1L;;;;;;;;;;;;;1;1;0;0;0;0;0;1;0;0;0;1
8B8H;1.0;19.0;1.9;70.0;20.0;2.0;0.0;0.0;2.0;2;0.0;6.0;1.0;1.0;1.0;1;1.0;0.0;3.0;0.0;6.0;2L2Z;6U3B;8W4Q;4A1V;0R4X;;;;;;;;;;;;;0;0;0;0;0;1;0;0;0;0;1;1
8D7X;1.0;23.0;1.85;55.0;15.0;1.0;0.0;0.0;2.0;0;1.0;4.0;1.0;1.0;1.0;0;0.0;0.0;2.0;0.0;4.0;3U9V;3Q5T;8S7P;;;;;;;;;;;;;;;0;0;0;1;0;1;0;0;0;1;0;1
8E0Y;0.0;20.0;1.53;50.0;20.0;0.0;0.0;0.0;2.0;1;1.0;2.0;0.0;0.0;0.0;0;0.0;0.0;2.0;1.0;2.0;3Q2Q;;;;;;;;;;;;;;;;;1;0;0;0;0;1;0;0;0;0;0;1
8G5E;1.0;20.0;1.7;59.0;20.0;3.0;0.0;0.0;2.0;2;1.0;2.0;1.0;1.0;1.0;0;2.0;0.0;2.0;1.0;3.0;;;;;;;;;;;;;;;;;;0;0;0;1;0;0;1;0;0;1;0;1
8G6G;1.0;23.0;1.81;80.0;25.0;2.0;1.0;0.0;2.0;2;1.0;2.0;0.0;0.0;0.0;0;3.0;0.0;2.0;0.0;2.0;1U6R;;;;;;;;;;;;;;;;;0;0;0;0;1;0;0;1;1;1;0;1
8G7E;1.0;18.0;1.7;55.0;20.0;2.0;0.0;0.0;2.0;2;0.0;1.0;0.0;0.0;0.0;1;2.0;1.0;3.0;3.0;5.0;5J3M;5D1Z;8G8P;3T0E;;;;;;;;;;;;;;0;0;0;0;0;1;0;0;0;0;0;0
8G8P;1.0;18.0;1.71;55.0;20.0;2.0;0.0;0.0;2.0;2;1.0;5.0;0.0;0.0;0.0;1;1.0;1.0;3.0;2.0;5.0;5J3M;8G7E;3T0E;5D1Z;;;;;;;;;;;;;;1;0;0;0;0;1;0;0;1;0;0;1
8H6H;0.0;19.0;1.65;58.0;20.0;1.0;0.0;0.0;2.0;1;1.0;11.0;1.0;1.0;1.0;3;0.0;0.0;0.0;0.0;3.0;;;;;;;;;;;;;;;;;;0;0;0;0;0;0;1;0;1;0;0;1
8J2L;0.0;20.0;1.61;59.0;25.0;2.0;0.0;0.0;1.0;4;1.0;4.0;1.0;1.0;1.0;0;2.0;0.0;2.0;0.0;6.0;5W6M;1L4G;9K2W;1M2Q;2S4Q;;;;;;;;;;;;;0;1;0;1;0;1;0;0;0;0;0;1
8K4B;0.0;21.0;1.82;65.0;20.0;0.0;1.0;0.0;1.0;1;1.0;2.0;1.0;1.0;1.0;1;2.0;0.0;1.0;1.0;2.0;5O0Y;;;;;;;;;;;;;;;;;1;0;0;0;0;0;1;0;1;0;0;1
8M0U;1.0;18.0;1.74;60.0;20.0;1.0;0.0;0.0;2.0;2;1.0;3.0;0.0;0.0;0.0;0;0.0;0.0;3.0;2.0;3.0;5M7S;9I7L;;;;;;;;;;;;;;;;0;1;0;1;1;1;0;0;0;0;0;1
8M9W;1.0;18.0;1.78;65.0;20.0;3.0;0.0;0.0;2.0;2;1.0;17.0;0.0;1.0;1.0;0;3.0;2.0;3.0;3.0;3.0;;;;;;;;;;;;;;;;;;0;0;0;1;0;0;1;0;1;0;0;1
8N1H;1.0;18.0;1.75;68.0;20.0;2.0;1.0;1.0;2.0;1;1.0;3.0;1.0;0.0;0.0;0;2.0;0.0;2.0;1.0;3.0;8P9D;4D0S;;;;;;;;;;;;;;;;0;0;0;0;1;0;1;0;1;0;1;1
8N4I;0.0;21.0;1.9;90.0;25.0;2.0;0.0;0.0;2.0;2;0.0;6.0;0.0;0.0;0.0;0;2.0;0.0;3.0;1.0;6.0;6V9Q;4H1X;1Y9W;1C3K;0H8R;;;;;;;;;;;;;1;0;0;0;0;0;0;1;0;1;0;1
8N8Q;1.0;20.0;1.79;68.0;20.0;1.0;1.0;0.0;2.0;2;1.0;3.0;0.0;0.0;0.0;0;3.0;0.0;1.0;2.0;4.0;9G6O;4W2W;2Z9H;;;;;;;;;;;;;;;0;0;0;0;0;1;0;0;0;0;0;1
8Q9F;0.0;20.0;1.61;53.0;20.0;0.0;1.0;1.0;2.0;1;1.0;13.0;1.0;1.0;1.0;0;2.0;0.0;2.0;2.0;14.0;4O8C;1Y7U;2J2X;9X1Z;0H5L;1S8D;7N0N;3S5G;1A9V;6A4U;4R8R;9C8Y;7R7Y;;;;;0;0;0;1;0;0;0;1;0;1;0;1
8S5L;1.0;20.0;1.8;80.0;25.0;3.0;0.0;0.0;2.0;2;0.0;1.0;0.0;0.0;0.0;0;0.0;0.0;3.0;1.0;3.0;;;;;;;;;;;;;;;;;;0;0;0;1;0;1;0;0;1;1;0;1
8S7L;0.0;24.0;1.62;54.0;20.0;3.0;0.0;0.0;2.0;4;1.0;6.0;0.0;0.0;0.0;0;1.0;0.0;2.0;2.0;6.0;1C5X;4C3L;7B2H;2Q8X;6O7D;;;;;;;;;;;;;1;0;0;0;0;1;0;0;1;0;0;1
8S7P;1.0;27.0;1.8;70.0;20.0;2.0;0.0;0.0;2.0;4;1.0;4.0;0.0;1.0;1.0;0;2.0;0.0;2.0;0.0;4.0;3Q5T;8D7X;3U9V;;;;;;;;;;;;;;;0;0;1;0;0;1;0;0;0;1;0;1
8S8P;1.0;22.0;1.69;66.0;25.0;2.0;0.0;0.0;2.0;2;0.0;2.0;1.0;0.0;0.0;0;2.0;1.0;2.0;1.0;2.0;7P4Y;;;;;;;;;;;;;;;;;0;0;0;0;1;1;0;0;0;1;1;1
8U4I;1.0;18.0;1.84;68.0;20.0;2.0;0.0;0.0;2.0;0;1.0;3.0;1.0;1.0;1.0;1;2.0;0.0;3.0;1.0;3.0;2M7S;7D4K;;;;;;;;;;;;;;;;1;0;0;0;1;1;0;0;1;0;0;1
8W0W;1.0;26.0;1.77;73.0;25.0;1.0;1.0;0.0;2.0;2;1.0;2.0;1.0;1.0;1.0;0;0.0;0.0;2.0;1.0;2.0;5J1R;;;;;;;;;;;;;;;;;1;0;0;0;0;0;1;0;0;1;0;1
8W1B;0.0;22.0;1.7;57.0;20.0;2.0;1.0;1.0;1.0;2;1.0;5.0;1.0;1.0;1.0;2;2.0;0.0;1.0;3.0;5.0;6T3K;6R1H;9Z3C;4G8T;;;;;;;;;;;;;;1;0;1;0;0;0;0;1;0;0;0;1
8W1L;0.0;19.0;1.65;98.0;35.0;1.0;0.0;0.0;2.0;1;0.0;2.0;1.0;1.0;1.0;1;1.0;0.0;3.0;2.0;2.0;5M6R;;;;;;;;;;;;;;;;;1;0;0;0;0;1;0;0;0;0;0;1
8W4Q;0.0;20.0;1.62;50.0;20.0;0.0;0.0;0.0;2.0;1;0.0;6.0;1.0;0.0;0.0;0;3.0;0.0;2.0;2.0;6.0;4A1V;6U3B;8B8H;2L2Z;0R4X;;;;;;;;;;;;;0;0;0;1;0;1;0;0;0;0;1;1
8W7P;1.0;19.0;1.78;80.0;25.0;1.0;0.0;0.0;2.0;1;1.0;4.0;1.0;1.0;1.0;1;2.0;1.0;2.0;0.0;4.0;2I9R;2A4L;8V5M;;;;;;;;;;;;;;;0;1;0;0;1;0;0;1;1;0;0;0
8X0N;1.0;21.0;1.8;62.0;20.0;1.0;0.0;0.0;2.0;2;1.0;10.0;1.0;1.0;1.0;3;0.0;2.0;3.0;2.0;4.0;7V9Y;;2W1G;;;;;;;;;;;;;;;0;0;0;0;0;1;0;0;0;0;0;1
8X6E;1.0;23.0;1.83;73.0;20.0;3.0;0.0;0.0;1.0;1;0.0;1.0;0.0;0.0;0.0;0;2.0;0.0;2.0;1.0;1.0;;;;;;;;;;;;;;;;;;0;0;0;1;0;1;0;0;0;1;1;1
8X9Z;1.0;27.0;1.77;66.0;20.0;2.0;0.0;0.0;1.0;2;1.0;2.0;1.0;1.0;1.0;0;2.0;1.0;3.0;3.0;5.0;3D2B;6V3U;6O7K;7J8O;;;;;;;;;;;;;;0;1;0;0;0;0;1;0;1;0;0;1
8Z9E;1.0;28.0;1.76;70.0;25.0;2.0;0.0;0.0;1.0;2;0.0;1.0;1.0;1.0;0.0;3;1.0;2.0;1.0;3.0;3.0;5Y3W;9W3F;;;;;;;;;;;;;;;;0;1;0;1;0;1;0;0;0;1;0;1
9A6W;1.0;21.0;1.8;75.0;25.0;2.0;0.0;0.0;2.0;2;0.0;1.0;0.0;0.0;0.0;0;1.0;0.0;2.0;0.0;1.0;;;;;;;;;;;;;;;;;;0;0;0;0;0;1;0;0;0;0;0;0
9B3F;1.0;20.0;1.72;75.0;25.0;1.0;0.0;0.0;2.0;0;0.0;8.0;1.0;1.0;1.0;2;0.0;2.0;3.0;0.0;7.0;6T3S;4R6L;5I5P;4M6N;0Y1T;9S9J;;;;;;;;;;;;1;0;0;1;0;0;1;0;0;1;0;1
9B5K;1.0;25.0;1.9;75.0;20.0;2.0;1.0;0.0;1.0;2;1.0;5.0;1.0;1.0;1.0;1;3.0;1.0;1.0;1.0;10.0;4A7O;0F1W;1R9D;2R7A;5Q1R;1O2T;5Q1R;3O6U;9M5B;;;;;;;;;0;0;0;0;1;1;0;0;0;0;0;1
9B8H;1.0;20.0;1.8;80.0;25.0;2.0;0.0;0.0;2.0;4;1.0;2.0;1.0;1.0;1.0;0;2.0;0.0;0.0;0.0;3.0;;;;;;;;;;;;;;;;;;0;0;0;0;0;1;0;0;0;0;0;1
9C8Y;1.0;22.0;1.78;78.0;25.0;2.0;0.0;0.0;2.0;2;1.0;9.0;1.0;1.0;1.0;0;2.0;1.0;2.0;1.0;14.0;4O8C;1Y7U;2J2X;8Q9F;9X1Z;0H5L;1S8D;7N0N;3S5G;1A9V;6A4U;4R8R;7R7Y;;;;;0;0;0;0;0;1;1;0;0;1;0;1
9D6N;1.0;20.0;1.72;60.0;20.0;0.0;0.0;0.0;1.0;1;1.0;3.0;1.0;1.0;1.0;0;0.0;0.0;2.0;0.0;3.0;6F8P;4I6K;;;;;;;;;;;;;;;;1;0;0;0;1;1;0;0;0;0;0;1
9E7A;0.0;21.0;1.64;53.0;20.0;2.0;0.0;0.0;2.0;2;1.0;3.0;1.0;1.0;1.0;1;2.0;1.0;2.0;1.0;3.0;4B5E;9P2T;;;;;;;;;;;;;;;;1;0;0;0;1;0;1;0;1;0;0;1
9G6O;1.0;23.0;1.8;69.0;20.0;1.0;0.0;0.0;1.0;2;1.0;3.0;1.0;0.0;0.0;1;3.0;1.0;2.0;1.0;4.0;8N8Q;4W2W;2Z9H;;;;;;;;;;;;;;;0;0;0;0;0;1;0;0;0;1;0;1
9I1E;1.0;28.0;1.73;75.0;25.0;0.0;1.0;0.0;1.0;1;1.0;5.0;1.0;0.0;0.0;0;3.0;0.0;2.0;2.0;6.0;9I2L;4M4I;9R1R;8A1R;1F9Y;;;;;;;;;;;;;0;1;0;0;0;0;1;0;0;1;0;1
9I2L;1.0;24.0;1.8;75.0;25.0;2.0;0.0;0.0;1.0;1;1.0;5.0;0.0;0.0;0.0;0;1.0;0.0;2.0;2.0;6.0;9I1E;4M4I;9R1R;8A1R;1F9Y;;;;;;;;;;;;;0;0;0;1;0;0;0;1;0;1;0;1
9I9S;1.0;20.0;1.86;75.0;20.0;1.0;1.0;0.0;2.0;4;1.0;3.0;0.0;1.0;1.0;0;2.0;0.0;2.0;0.0;3.0;7F1D;6E4S;;;;;;;;;;;;;;;;0;0;0;1;0;1;0;0;0;1;0;1
9J2Z;1.0;20.0;1.85;62.0;20.0;0.0;0.0;0.0;2.0;2;0.0;9.0;1.0;1.0;1.0;0;3.0;0.0;3.0;0.0;5.0;3H8D;5L2C;1O2H;1G3P;;;;;;;;;;;;;;1;0;0;0;0;1;0;0;1;0;1;1
9J6M;1.0;21.0;1.85;68.0;20.0;1.0;1.0;1.0;2.0;2;1.0;4.0;1.0;1.0;1.0;2;2.0;1.0;3.0;1.0;4.0;5B2Z;0O5Q;5I3E;;;;;;;;;;;;;;;0;0;0;0;1;1;0;0;1;0;0;1
9M5B;1.0;21.0;1.74;55.0;20.0;1.0;0.0;0.0;1.0;0;1.0;10.0;1.0;1.0;1.0;1;3.0;0.0;1.0;2.0;10.0;3O6U;2R7A;4A7O;0F1W;9B5K;1R9D;1O2T;1W7I;5Q1R;;;;;;;;;0;0;0;0;1;1;0;0;0;1;0;1
9O9K;1.0;20.0;1.75;58.0;20.0;3.0;1.0;0.0;2.0;1;1.0;2.0;1.0;1.0;1.0;0;3.0;0.0;1.0;0.0;2.0;0N9P;;;;;;;;;;;;;;;;;0;0;0;0;0;1;0;0;1;1;0;1
9P2T;1.0;21.0;1.7;55.0;20.0;1.0;0.0;0.0;2.0;1;1.0;3.0;1.0;1.0;1.0;0;3.0;0.0;2.0;1.0;3.0;4B5E;9E7A;;;;;;;;;;;;;;;;1;1;0;1;0;0;1;0;0;0;0;1
9P8X;1.0;22.0;1.7;70.0;25.0;3.0;0.0;0.0;1.0;4;1.0;3.0;0.0;1.0;1.0;1;0.0;1.0;2.0;1.0;2.0;9K7A;;;;;;;;;;;;;;;;;1;0;0;1;0;1;0;0;1;0;0;1
9Q5A;1.0;20.0;1.8;72.0;20.0;3.0;0.0;0.0;2.0;2;1.0;2.0;1.0;1.0;1.0;0;3.0;0.0;3.0;0.0;2.0;7Y5A;;;;;;;;;;;;;;;;;0;0;0;0;0;0;1;0;1;1;0;1
9R1R;1.0;30.0;1.7;63.0;20.0;2.0;0.0;0.0;1.0;2;1.0;6.0;1.0;1.0;1.0;0;3.0;1.0;2.0;2.0;6.0;4M4I;9I2L;8A1R;9I1E;1F9Y;;;;;;;;;;;;;0;1;0;0;1;1;0;0;0;0;0;1
9R3J;0.0;25.0;1.68;90.0;30.0;2.0;0.0;0.0;2.0;4;1.0;18.0;1.0;0.0;0.0;3;3.0;2.0;0.0;3.0;9.0;8B3E;9Z4S;8B3A;5A8F;1A1B;3F5F;8F9H;1A3F;;;;;;;;;;0;0;0;1;0;1;0;0;1;0;0;1
9R6Y;1.0;27.0;1.8;70.0;20.0;2.0;0.0;0.0;2.0;4;1.0;4.0;1.0;1.0;1.0;0;0.0;0.0;2.0;0.0;4.0;4F9D;1G7G;5M0T;;;;;;;;;;;;;;;0;0;0;0;1;1;0;0;0;0;1;1
9S9J;1.0;21.0;1.76;110.0;35.0;1.0;0.0;0.0;2.0;2;0.0;10.0;1.0;1.0;1.0;3;2.0;0.0;3.0;1.0;7.0;0Y1T;4M6N;9B3F;5I5P;6T3S;4R6L;;;;;;;;;;;;1;0;0;0;0;1;0;0;0;0;0;1
9V8W;0.0;21.0;1.7;57.0;20.0;1.0;1.0;1.0;2.0;2;0.0;1.0;0.0;0.0;0.0;0;2.0;0.0;1.0;2.0;3.0;;;;;;;;;;;;;;;;;;0;0;0;1;0;0;0;1;0;0;0;1
9W3C;1.0;18.0;1.75;55.0;20.0;3.0;0.0;0.0;2.0;0;0.0;3.0;1.0;1.0;1.0;0;0.0;0.0;3.0;0.0;3.0;6I6Y;4L5H;;;;;;;;;;;;;;;;0;0;0;0;0;1;0;0;0;0;0;1
9W3F;1.0;32.0;1.82;79.0;25.0;1.0;0.0;0.0;1.0;4;1.0;2.0;1.0;1.0;1.0;0;2.0;0.0;3.0;0.0;3.0;5Y3W;8Z9E;;;;;;;;;;;;;;;;0;0;0;0;0;1;0;0;1;0;0;1
9X1Z;0.0;22.0;1.68;56.0;20.0;2.0;0.0;0.0;2.0;2;1.0;16.0;0.0;0.0;0.0;0;2.0;0.0;2.0;2.0;14.0;4O8C;1Y7U;2J2X;8Q9F;0H5L;1S8D;7N0N;3S5G;1A9V;6A4U;4R8R;9C8Y;7R7Y;;;;;1;0;0;0;1;0;0;1;0;0;0;1
9Z3C;1.0;21.0;1.75;61.0;20.0;2.0;1.0;1.0;2.0;4;1.0;5.0;1.0;1.0;1.0;2;2.0;0.0;2.0;1.0;5.0;6T3K;6R1H;4G8T;8W1B;;;;;;;;;;;;;;1;0;0;1;0;0;0;1;0;0;0;1
C02;1.0;;;;;;0.0;;1.0;3;;;;1.0;;1;0.0;1.0;2.0;;;C01;;;;;;;;;;;;;;;;;1;0;0;1;0;0;1;0;0;0;0;1
C19;1.0;;;;;;1.0;;2.0;3;;;;0.0;;1;0.0;0.0;2.0;;;C20;;;;;;;;;;;;;;;;;0;0;0;1;0;0;0;1;1;0;0;0
C21;0.0;;;;;;0.0;;2.0;0;;;;1.0;;1;1.0;1.0;2.0;;;C22;;;;;;;;;;;;;;;;;0;0;0;0;0;1;0;0;0;1;0;1
C17;0.0;;;;;;1.0;;2.0;3;;;;;;2;;2.0;3.0;;;C18;;;;;;;;;;;;;;;;;0;0;0;0;0;1;0;0;0;0;0;0
C22;1.0;;;;;;0.0;;2.0;3;;;;1.0;;2;1.0;1.0;2.0;;;C21;;;;;;;;;;;;;;;;;0;0;0;1;0;0;0;1;0;0;1;0
C25;1.0;;;;;;0.0;;2.0;1;;;;1.0;;1;3.0;2.0;3.0;;;C24;C26;C27;;;;;;;;;;;;;;;1;0;0;1;0;0;1;0;0;0;0;1
C24;0.0;;;;;;0.0;;2.0;3;;;;0.0;;1;2.0;2.0;;;;C25;C26;C27;;;;;;;;;;;;;;;0;0;1;0;0;1;0;0;0;1;0;1
C29;1.0;;;;;;0.0;;2.0;3;;;;1.0;;1;0.0;;2.0;;;C33;;;;;;;;;;;;;;;;;1;0;0;1;0;1;0;0;0;0;0;1
C26;1.0;;;;;;0.0;;1.0;3;;;;1.0;;1;2.0;0.0;1.0;;;C24;C25;C27;;;;;;;;;;;;;;;1;0;1;0;0;0;1;0;0;0;0;1
C30;1.0;;;;;;0.0;;2.0;1;;;;1.0;;1;2.0;2.0;2.0;;;C31;C32;;;;;;;;;;;;;;;;0;0;0;0;0;1;0;0;1;0;0;1
C31;1.0;;;;;;0.0;;0.0;0;;;;1.0;;2;2.0;1.0;2.0;;;C30;C32;;;;;;;;;;;;;;;;0;1;0;0;0;1;0;0;0;0;0;1
C32;1.0;;;;;;0.0;;0.0;2;;;;1.0;;1;2.0;0.0;2.0;;;C30;C31;;;;;;;;;;;;;;;;0;0;0;1;0;1;0;0;1;0;0;1
A03;1.0;;;;;;1.0;;2.0;1;;;;1.0;;2;2.0;0.0;3.0;;;A02;A01;;;;;;;;;;;;;;;;0;0;0;1;0;0;0;1;0;1;0;0
A02;0.0;;;;;;0.0;;2.0;1;;;;1.0;;2;2.0;1.0;1.0;;;A01;A03;;;;;;;;;;;;;;;;0;0;0;1;0;0;0;1;1;0;0;0
A01;;;;;;;1.0;;2.0;3;;;;1.0;;1;2.0;0.0;2.0;;;A03;A02;;;;;;;;;;;;;;;;1;0;0;1;0;0;0;1;0;0;0;0
A16;0.0;;;;;;0.0;;2.0;3;;;;1.0;;1;3.0;2.0;1.0;;;A15;A17;;;;;;;;;;;;;;;;1;0;0;0;0;0;0;1;0;0;0;0
A17;1.0;;;;;;0.0;;2.0;4;;;;1.0;;1;3.0;2.0;3.0;;;A16;A15;;;;;;;;;;;;;;;;1;0;0;1;0;0;0;1;0;0;0;0
A15;1.0;;;;;;0.0;;1.0;4;;;;0.0;;1;3.0;1.0;3.0;;;A17;A16;;;;;;;;;;;;;;;;0;0;0;1;0;1;0;0;0;0;1;1
A22;1.0;;;;;;0.0;;2.0;3;;;;1.0;;1;3.0;1.0;2.0;;;;;;;;;;;;;;;;;;;;0;0;0;0;1;0;0;1;1;0;0;0
A29;1.0;;;;;;0.0;;0.0;3;;;;1.0;;1;2.0;0.0;1.0;;;A26;A27;A28;;;;;;;;;;;;;;;0;0;0;0;0;1;0;0;1;0;0;1
A24;1.0;;;;;;0.0;;2.0;1;;;;1.0;;2;3.0;2.0;3.0;;;A25;;;;;;;;;;;;;;;;;0;0;0;0;1;1;0;0;0;0;1;1
A25;0.0;;;;;;0.0;;2.0;2;;;;1.0;;1;1.0;2.0;2.0;;;A24;;;;;;;;;;;;;;;;;1;0;0;0;1;1;0;0;0;0;0;1
A28;0.0;;;;;;0.0;;0.0;2;;;;1.0;;1;2.0;1.0;2.0;;;A26;A27;A29;;;;;;;;;;;;;;;1;0;0;0;0;1;0;0;0;0;0;1
A26;0.0;;;;;;0.0;;0.0;3;;;;1.0;;1;2.0;0.0;1.0;;;A27;A28;A29;;;;;;;;;;;;;;;0;0;0;0;0;1;0;0;1;0;0;1
A27;1.0;;;;;;0.0;;0.0;2;;;;1.0;;2;1.0;2.0;2.0;;;A26;A28;A29;;;;;;;;;;;;;;;0;0;0;0;1;1;0;0;1;0;0;1
A34;1.0;;;;;;0.0;;2.0;1;;;;1.0;;1;3.0;1.0;3.0;;;A35;A37;A36;;;;;;;;;;;;;;;1;0;0;0;0;1;0;0;0;0;0;1
A33;0.0;;;;;;0.0;;2.0;3;;;;1.0;;1;3.0;1.0;2.0;;;A32;;;;;;;;;;;;;;;;;0;0;0;1;0;0;1;0;1;0;0;1
A32;0.0;;;;;;1.0;;2.0;3;;;;0.0;;1;2.0;2.0;3.0;;;A33;;;;;;;;;;;;;;;;;0;1;0;1;0;0;1;0;0;0;0;1
A40;1.0;;;;;;1.0;;2.0;2;;;;0.0;;1;2.0;1.0;1.0;;;;;;;;;;;;;;;;;;;;0;0;0;0;0;0;1;0;0;0;0;1
A42;1.0;;;;;;0.0;;0.0;3;;;;1.0;;1;0.0;2.0;3.0;;;;;;;;;;;;;;;;;;;;0;0;0;0;1;1;0;0;0;0;0;1
A51;0.0;;;;;;0.0;;2.0;2;;;;1.0;;1;1.0;1.0;3.0;;;B47;B45;B46;B48;;;;;;;;;;;;;;0;0;0;0;0;1;0;0;0;0;0;1
A46;1.0;;;;;;0.0;;2.0;1;;;;0.0;;1;2.0;2.0;2.0;;;;;;;;;;;;;;;;;;;;0;0;1;0;0;1;0;0;0;0;0;1
A55;1.0;;;;;;1.0;;2.0;4;;;;0.0;;1;2.0;2.0;3.0;;;;;;;;;;;;;;;;;;;;0;1;0;1;0;0;0;1;0;0;0;0
A74;0.0;;;;;;1.0;;1.0;2;;;;1.0;;2;2.0;2.0;2.0;;;A75;;;;;;;;;;;;;;;;;0;0;1;0;0;0;1;0;0;0;1;1
A59;;;;;;;1.0;;2.0;1;;;;0.0;;1;2.0;0.0;0.0;;;A59;C01;C02;A57;;;;;;;;;;;;;;0;0;0;0;0;0;0;1;1;0;0;0
A49;1.0;;;;;;0.0;;2.0;2;;;;0.0;;1;1.0;1.0;2.0;;;;;;;;;;;;;;;;;;;;0;0;0;1;0;0;0;1;1;0;0;0
A73;1.0;;;;;;0.0;;1.0;3;;;;0.0;;1;1.0;0.0;2.0;;;B76;B74;B75;;;;;;;;;;;;;;;1;0;0;0;0;0;1;0;0;0;0;1
A76;1.0;;;;;;1.0;;2.0;2;;;;0.0;;1;1.0;1.0;2.0;;;;;;;;;;;;;;;;;;;;0;0;0;0;1;0;1;0;0;0;1;1
B28;1.0;;;;;;0.0;;2.0;1;;;;1.0;;1;1.0;2.0;2.0;;;B20;B16;B17;B27;B32;B18;B19;;;;;;;;;;;0;0;0;1;0;0;0;1;0;1;0;0
B15;1.0;;;;;;0.0;;2.0;4;;;;1.0;;1;1.0;2.0;2.0;;;B11;B12;B13;B14;B63;B64;B65;;;;;;;;;;;1;0;0;1;0;0;0;1;0;0;0;0
B40;1.0;;;;;;1.0;;2.0;3;;;;0.0;;2;3.0;2.0;3.0;;;;;;;;;;;;;;;;;;;;0;0;0;1;0;0;1;0;0;1;0;1
B12;0.0;;;;;;0.0;;2.0;4;;;;1.0;;1;3.0;2.0;3.0;;;B15;B12;B13;B14;B63;B64;B65;;;;;;;;;;;0;0;0;1;0;1;0;0;1;0;0;1
B18;1.0;;;;;;0.0;;2.0;3;;;;1.0;;2;2.0;0.0;2.0;;;B20;B17;B16;B27;B32;B28;B19;;;;;;;;;;;1;0;0;0;0;0;1;0;0;0;0;1
B34;0.0;;;;;;0.0;;2.0;3;;;;1.0;;1;3.0;1.0;2.0;;;B33;;;;;;;;;;;;;;;;;0;0;0;1;0;1;0;0;0;1;0;1
B45;0.0;;;;;;0.0;;2.0;3;;;;1.0;;1;2.0;0.0;2.0;;;A51;B47;B48;B46;;;;;;;;;;;;;;1;0;1;0;0;1;0;0;0;0;0;1
B50;1.0;;;;;;0.0;;;3;;;;0.0;;1;3.0;0.0;2.0;;;;;;;;;;;;;;;;;;;;0;0;0;0;1;0;1;0;1;0;0;1
B51;1.0;;;;;;0.0;;1.0;3;;;;1.0;;1;3.0;0.0;3.0;;;B53;B54;B52;;;;;;;;;;;;;;;0;0;0;0;0;1;0;0;0;1;0;1
B53;1.0;;;;;;0.0;;2.0;3;;;;1.0;;1;0.0;0.0;2.0;;;B51;B52;B54;;;;;;;;;;;;;;;0;0;0;1;0;0;0;1;0;1;0;0
B56;1.0;;;;;;1.0;;2.0;3;;;;0.0;;1;3.0;1.0;1.0;;;;;;;;;;;;;;;;;;;;0;1;0;0;0;0;0;1;0;0;0;0
A62;1.0;;;;;;0.0;;1.0;4;;;;0.0;;1;1.0;1.0;1.0;;;;;;;;;;;;;;;;;;;;1;0;1;0;0;0;1;0;0;0;0;1
A80;1.0;;;;;;0.0;;2.0;3;;;;1.0;;1;1.0;0.0;1.0;;;A81;A78;A77;B01;;;;;;;;;;;;;;0;0;0;0;1;0;0;1;0;0;1;0
B81;1.0;;;;;;0.0;;2.0;3;;;;1.0;;1;0.0;0.0;1.0;;;B82;B83;;;;;;;;;;;;;;;;0;0;0;0;0;1;0;0;0;1;0;1
A77;1.0;;;;;;0.0;;2.0;2;;;;1.0;;2;3.0;2.0;0.0;;;A82;A81;A80;A21;A22;A78;B01;A79;;;;;;;;;;0;1;0;0;0;1;0;0;0;0;0;1
B04;0.0;;;;;;0.0;;;3;;;;1.0;;2;3.0;2.0;2.0;;;B02;B03;B05;;;;;;;;;;;;;;;0;0;0;1;0;1;0;0;0;0;1;1
A67;0.0;;;;;;0.0;;2.0;4;;;;1.0;;1;3.0;;2.0;;;A09;A10;A11;;;;;;;;;;;;;;;1;0;0;0;0;0;0;1;0;0;0;0
B02;0.0;;;;;;0.0;;;4;;;;1.0;;1;1.0;0.0;3.0;;;B03;B01;B05;;;;;;;;;;;;;;;0;0;0;1;0;1;0;0;0;1;0;1
B23;1.0;;;;;;1.0;;2.0;2;;;;0.0;;1;1.0;2.0;3.0;;;;;;;;;;;;;;;;;;;;1;0;0;1;0;0;1;0;0;0;0;1
B19;1.0;;;;;;1.0;;2.0;0;;;;1.0;;2;0.0;0.0;0.0;;;B20;B16;B17;B27;B32;B18;B28;;;;;;;;;;;1;0;0;0;0;0;0;1;0;0;0;0
B39;1.0;;;;;;0.0;;0.0;1;;;;;;1;2.0;0.0;2.0;;;;;;;;;;;;;;;;;;;;1;0;0;0;0;0;0;1;0;0;0;0
B11;0.0;;;;;;0.0;;2.0;3;;;;1.0;;1;3.0;0.0;1.0;;;B15;B12;B14;B13;B64;;;;;;;;;;;;;1;0;0;1;0;1;0;0;0;0;0;1
B27;0.0;;;;;;0.0;;0.0;2;;;;1.0;;1;1.0;0.0;2.0;;;B17;B32;B18;B19;;;;;;;;;;;;;;1;0;0;0;0;1;0;0;0;0;0;1
B29;1.0;;;;;;0.0;;1.0;1;;;;1.0;;2;2.0;2.0;1.0;;;;;;;;;;;;;;;;;;;;0;0;0;0;0;1;0;0;0;0;1;1
B54;;;;;;;1.0;;2.0;3;;;;0.0;;1;2.0;0.0;3.0;;;B51;B52;B53;;;;;;;;;;;;;;;1;0;0;0;0;1;0;0;0;0;0;1
B31;1.0;;;;;;0.0;;1.0;3;;;;0.0;;1;3.0;1.0;1.0;;;;;;;;;;;;;;;;;;;;0;0;0;0;0;1;0;0;0;0;0;1
B67;1.0;;;;;;0.0;;2.0;2;;;;0.0;;1;1.0;2.0;2.0;;;B68;;;;;;;;;;;;;;;;;0;0;1;0;0;0;0;0;0;0;0;0
B75;1.0;;;;;;;;2.0;2;;;;1.0;;2;3.0;2.0;2.0;;;B73;B74;B76;;;;;;;;;;;;;;;0;0;1;0;0;0;0;0;0;0;0;0
B74;1.0;;;;;;1.0;;2.0;4;;;;1.0;;1;0.0;1.0;3.0;;;B73;B76;;;;;;;;;;;;;;;;0;0;0;1;0;0;0;0;0;0;0;0
B80;1.0;;;;;;0.0;;1.0;3;;;;1.0;;1;2.0;2.0;3.0;;;;;;;;;;;;;;;;;;;;0;0;0;0;1;1;0;0;0;0;1;1
B76;0.0;;;;;;1.0;;1.0;2;;;;1.0;;1;2.0;0.0;2.0;;;B73;B74;B75;;;;;;;;;;;;;;;1;0;1;0;0;0;0;1;0;0;0;0
B78;1.0;;;;;;1.0;;2.0;3;;;;0.0;;1;2.0;2.0;2.0;;;;;;;;;;;;;;;;;;;;1;0;0;0;0;0;1;0;0;0;0;1
F23;1.0;;;;;;0.0;;2.0;3;;;;1.0;;1;1.0;;3.0;;;F25;F24;F19;;;;;;;;;;;;;;;0;0;0;0;1;1;0;0;1;0;0;1
F25;1.0;;;;;;0.0;;2.0;0;;;;1.0;;1;3.0;;3.0;;;F23;F24;;;;;;;;;;;;;;;;0;0;0;0;1;1;0;0;0;1;0;1
F19;1.0;;;;;;0.0;;2.0;0;;;;1.0;;1;0.0;;2.0;;;F23;F25;F24;;;;;;;;;;;;;;;0;0;0;0;1;1;0;0;0;1;0;1
F21;1.0;;;;;;0.0;;1.0;2;;;;1.0;;1;2.0;;2.0;;;F20;F22;F24;F17;F18;F19;F23;;;;;;;;;;;0;0;0;0;0;1;0;0;0;0;0;1
F15;0.0;;;;;;0.0;;2.0;2;;;;1.0;;1;3.0;;1.0;;;F16;;;;;;;;;;;;;;;;;0;0;0;0;0;1;0;0;0;1;0;1
F26;0.0;;;;;;0.0;;1.0;3;;;;0.0;;2;3.0;;3.0;;;F27;F28;;;;;;;;;;;;;;;;0;0;0;0;0;1;0;0;0;1;0;0
F17;1.0;;;;;;0.0;;1.0;3;;;;0.0;;1;2.0;;2.0;;;;;;;;;;;;;;;;;;;;0;0;0;0;1;0;1;0;0;0;0;1
F24;1.0;;;;;;0.0;;2.0;3;;;;1.0;;1;3.0;;3.0;;;F23;F25;F19;;;;;;;;;;;;;;;0;0;0;0;1;1;0;0;1;0;0;1
F28;1.0;;;;;;1.0;;1.0;3;;;;1.0;;1;3.0;;1.0;;;F26;F27;;;;;;;;;;;;;;;;0;0;0;0;1;0;1;0;0;0;0;1
F14;;;;;;;0.0;;2.0;4;;;;0.0;;1;1.0;;2.0;;;;;;;;;;;;;;;;;;;;1;0;0;0;0;0;1;0;0;0;0;1
F27;1.0;;;;;;1.0;;2.0;4;;;;1.0;;1;3.0;;3.0;;;F26;F28;;;;;;;;;;;;;;;;0;0;0;0;0;0;1;0;0;0;0;1
F13;0.0;;;;;;0.0;;;2;;;;0.0;;1;1.0;;3.0;;;;;;;;;;;;;;;;;;;;0;0;0;0;0;0;1;0;0;1;0;1
F16;0.0;;;;;;0.0;;2.0;3;;;;1.0;;1;1.0;;1.0;;;F15;;;;;;;;;;;;;;;;;0;0;0;0;0;0;1;0;1;0;0;1
F22;;;;;;;0.0;;2.0;2;;;;1.0;;1;1.0;;1.0;;;;;;;;;;;;;;;;;;;;0;0;0;0;0;1;0;0;1;0;0;1
F18;1.0;;;;;;0.0;;2.0;2;;;;1.0;;1;2.0;;1.0;;;F20;F21;F22;F17;;;;;;;;;;;;;;1;0;0;0;0;1;0;0;0;0;0;1
F12;1.0;;;;;;1.0;;2.0;3;;;;0.0;;1;3.0;;3.0;;;;;;;;;;;;;;;;;;;;0;0;0;1;0;0;1;0;0;0;0;1
F11;1.0;;;;;;0.0;;2.0;3;;;;0.0;;1;3.0;;1.0;;;;;;;;;;;;;;;;;;;;0;0;0;0;1;0;0;0;0;0;0;0
F08;1.0;;;;;;0.0;;1.0;3;;;;0.0;;1;2.0;;1.0;;;;;;;;;;;;;;;;;;;;0;0;0;1;0;1;0;0;0;1;0;1
F09;1.0;;;;;;;;1.0;1;;;;0.0;;1;1.0;;1.0;;;;;;;;;;;;;;;;;;;;0;0;0;0;0;0;0;0;0;0;0;1
F07;1.0;;;;;;0.0;;2.0;3;;;;1.0;;1;2.0;;2.0;;;;;;;;;;;;;;;;;;;;0;0;0;0;1;1;0;0;0;0;0;1
F06;1.0;;;;;;1.0;;2.0;2;;;;0.0;;1;0.0;;2.0;;;;;;;;;;;;;;;;;;;;0;0;0;0;0;1;0;0;0;0;0;0
F01;0.0;;;;;;0.0;;2.0;3;;;;1.0;;1;1.0;;2.0;;;F02;F03;;;;;;;;;;;;;;;;0;0;0;0;0;1;0;0;1;0;0;1
F03;1.0;;;;;;0.0;;2.0;3;;;;1.0;;1;0.0;;2.0;;;F02;F01;;;;;;;;;;;;;;;;1;0;0;0;1;1;0;0;0;0;0;1
F04;1.0;;;;;;0.0;;1.0;2;;;;1.0;;1;2.0;;2.0;;;F05;;;;;;;;;;;;;;;;;0;0;0;0;0;1;0;0;0;0;0;0
F05;1.0;;;;;;0.0;;2.0;0;;;;1.0;;1;1.0;;2.0;;;F04;;;;;;;;;;;;;;;;;0;0;0;0;0;1;0;0;0;0;0;0
E97;1.0;;;;;;0.0;;0.0;3;;;;1.0;;1;3.0;;3.0;;;E92;E93;E94;E95;E96;E98;;;;;;;;;;;;0;1;0;1;0;1;0;0;0;0;0;1
E96;0.0;;;;;;0.0;;0.0;4;;;;1.0;;1;2.0;;3.0;;;E93;E94;E95;E97;E92;E98;;;;;;;;;;;;1;0;0;0;0;1;0;0;0;0;0;1
E88;1.0;;;;;;;;2.0;2;;;;1.0;;2;2.0;;3.0;;;;;;;;;;;;;;;;;;;;0;0;0;0;1;0;1;0;0;1;0;1
E95;0.0;;;;;;0.0;;1.0;3;;;;1.0;;1;2.0;;2.0;;;E94;E93;E98;E96;E97;E92;;;;;;;;;;;;0;0;0;1;0;0;0;1;1;0;0;0
E93;1.0;;;;;;1.0;;;2;;;;1.0;;1;1.0;;2.0;;;;;;;;;;;;;;;;;;;;0;0;0;0;0;1;0;0;0;0;0;1
E98;1.0;;;;;;0.0;;0.0;3;;;;1.0;;1;2.0;;2.0;;;E97;E96;E93;E94;E95;E92;;;;;;;;;;;;0;0;0;1;0;1;0;0;1;0;0;1
E87;0.0;;;;;;1.0;;0.0;3;;;;1.0;;1;3.0;;0.0;;;E86;;;;;;;;;;;;;;;;;0;0;0;1;0;0;0;1;0;0;0;0
E86;1.0;;;;;;1.0;;0.0;2;;;;1.0;;2;2.0;;2.0;;;E87;;;;;;;;;;;;;;;;;0;0;0;1;0;0;0;1;0;0;0;0
E85;1.0;;;;;;1.0;;2.0;3;;;;1.0;;1;1.0;;2.0;;;;;;;;;;;;;;;;;;;;0;0;0;0;0;0;1;0;1;0;0;1
E90;0.0;;;;;;1.0;;1.0;3;;;;0.0;;1;2.0;;0.0;;;E88;E90;E89;;;;;;;;;;;;;;;1;0;0;1;0;0;0;1;0;0;0;0
E84;1.0;;;;;;0.0;;1.0;0;;;;0.0;;1;0.0;;0.0;;;;;;;;;;;;;;;;;;;;0;0;0;0;0;1;0;0;0;1;0;0
E94;0.0;;;;;;0.0;;0.0;3;;;;0.0;;1;2.0;;2.0;;;E95;E93;E98;E96;E97;E92;;;;;;;;;;;;0;0;0;0;0;1;0;0;1;0;0;0
E83;1.0;;;;;;1.0;;1.0;4;;;;0.0;;1;;;3.0;;;;;;;;;;;;;;;;;;;;0;0;0;1;0;0;1;0;0;0;0;1
E89;1.0;;;;;;1.0;;2.0;1;;;;1.0;;1;2.0;;1.0;;;E91;E90;E88;;;;;;;;;;;;;;;0;0;0;0;1;0;0;1;1;0;0;0
E82;1.0;;;;;;1.0;;2.0;2;;;;0.0;;1;1.0;;1.0;;;;;;;;;;;;;;;;;;;;0;0;1;0;0;0;1;0;0;1;0;1
E80;1.0;;;;;;0.0;;2.0;2;;;;0.0;;1;2.0;;2.0;;;E81;;;;;;;;;;;;;;;;;0;0;0;0;1;0;1;0;1;0;0;1
E80;1.0;;;;;;;;2.0;3;;;;0.0;;1;1.0;;2.0;;;E80;;;;;;;;;;;;;;;;;1;0;0;1;0;0;1;0;0;0;0;1
E91;0.0;;;;;;;;2.0;3;;;;1.0;;2;2.0;;1.0;;;E89;E88;E90;;;;;;;;;;;;;;;1;0;0;0;1;0;1;0;0;0;0;1
E77;0.0;;;;;;1.0;;2.0;3;;;;1.0;;2;3.0;;3.0;;;;;;;;;;;;;;;;;;;;0;0;0;0;0;0;1;0;0;1;0;1
E78;1.0;;;;;;0.0;;0.0;1;;;;1.0;;2;2.0;;1.0;;;E79;;;;;;;;;;;;;;;;;0;0;0;0;0;1;0;0;0;0;0;0
E79;1.0;;;;;;0.0;;0.0;0;;;;1.0;;1;2.0;;3.0;;;E78;;;;;;;;;;;;;;;;;0;0;0;0;0;1;0;0;0;0;0;0
E76;1.0;;;;;;1.0;;2.0;1;;;;1.0;;1;2.0;;3.0;;;E75;E72;E70;;;;;;;;;;;;;;;0;0;0;0;0;0;1;0;0;1;0;1
E75;0.0;;;;;;1.0;;2.0;1;;;;1.0;;1;2.0;;2.0;;;E76;E72;E70;;;;;;;;;;;;;;;0;0;0;0;0;0;1;0;0;1;0;1
E72;0.0;;;;;;0.0;;2.0;4;;;;1.0;;1;3.0;;3.0;;;E75;E76;E70;;;;;;;;;;;;;;;0;0;0;0;0;1;0;0;1;0;0;1
E73;1.0;;;;;;1.0;;2.0;3;;;;1.0;;1;3.0;;2.0;;;E74;E71;E72;;;;;;;;;;;;;;;0;0;0;0;0;0;1;0;0;1;0;1
E71;1.0;;;;;;0.0;;2.0;3;;;;1.0;;2;1.0;;2.0;;;E73;E71;E74;;;;;;;;;;;;;;;0;0;0;0;0;0;1;0;1;0;0;1
E74;1.0;;;;;;0.0;;2.0;2;;;;1.0;;2;3.0;;2.0;;;E73;E72;E71;;;;;;;;;;;;;;;1;0;0;0;0;1;0;0;0;0;0;1
E70;0.0;;;;;;0.0;;1.0;3;;;;1.0;;1;2.0;;3.0;;;;;;;;;;;;;;;;;;;;0;0;0;0;0;0;1;0;0;1;0;1
E67;1.0;;;;;;0.0;;0.0;2;;;;0.0;;1;1.0;;2.0;;;E68;E69;;;;;;;;;;;;;;;;1;0;1;0;0;1;0;0;0;0;0;1
E68;1.0;;;;;;0.0;;0.0;4;;;;0.0;;2;3.0;;2.0;;;E67;E69;;;;;;;;;;;;;;;;1;0;0;1;0;1;0;0;0;0;0;1
E69;1.0;;;;;;0.0;;0.0;0;;;;1.0;;2;2.0;;3.0;;;E68;E67;;;;;;;;;;;;;;;;1;0;1;0;0;1;0;0;0;0;0;1
E63;0.0;;;;;;1.0;;1.0;0;;;;0.0;;1;3.0;;2.0;;;E64;;;;;;;;;;;;;;;;;0;0;1;0;0;1;0;0;0;0;0;1
E64;1.0;;;;;;0.0;;2.0;0;;;;0.0;;1;0.0;;2.0;;;E63;;;;;;;;;;;;;;;;;0;0;0;0;0;0;1;0;0;0;0;1
E62;1.0;;;;;;;;2.0;3;;;;1.0;;1;2.0;;1.0;;;E61;E60;;;;;;;;;;;;;;;;0;0;0;1;0;0;0;0;0;0;0;0
E66;0.0;;;;;;1.0;;0.0;0;;;;0.0;;1;0.0;;3.0;;;E65;;;;;;;;;;;;;;;;;0;0;0;0;0;1;0;0;0;0;0;0
E57;1.0;;;;;;0.0;;2.0;4;;;;1.0;;1;1.0;;3.0;;;E56;;;;;;;;;;;;;;;;;0;0;0;0;0;1;0;0;0;1;0;1
E59;1.0;;;;;;0.0;;2.0;4;;;;0.0;;1;0.0;;1.0;;;;;;;;;;;;;;;;;;;;0;0;0;0;0;1;0;0;0;0;0;1
E61;0.0;;;;;;1.0;;2.0;3;;;;0.0;;1;2.0;;2.0;;;E62;E60;;;;;;;;;;;;;;;;0;1;0;0;0;1;0;0;0;0;0;1
E56;0.0;;;;;;1.0;;2.0;3;;;;1.0;;1;2.0;;2.0;;;E57;;;;;;;;;;;;;;;;;0;0;0;0;0;0;1;0;1;0;0;1
E50;1.0;;;;;;0.0;;2.0;2;;;;1.0;;1;1.0;;2.0;;;E47;E49;;;;;;;;;;;;;;;;1;0;0;0;0;0;0;1;0;0;0;1
E49;1.0;;;;;;0.0;;2.0;2;;;;0.0;;2;1.0;;2.0;;;E50;E48;E47;;;;;;;;;;;;;;;0;0;0;0;0;1;0;0;0;1;0;1
E42;1.0;;;;;;0.0;;1.0;0;;;;0.0;;2;3.0;;2.0;;;E41;E40;;;;;;;;;;;;;;;;0;0;0;0;0;1;0;0;1;0;0;1
E45;0.0;;;;;;1.0;;0.0;2;;;;0.0;;1;2.0;;1.0;;;E46;E32;E33;E34;E43;;;;;;;;;;;;;0;0;0;1;0;0;0;1;1;0;0;0
E41;1.0;;;;;;0.0;;2.0;0;;;;;;2;1.0;;2.0;;;E40;E42;;;;;;;;;;;;;;;;0;0;0;0;0;1;0;0;1;0;0;1
E39;0.0;;;;;;0.0;;2.0;3;;;;1.0;;1;2.0;;2.0;;;E29;E38;;;;;;;;;;;;;;;;0;0;0;0;0;0;0;1;1;0;0;0
E38;0.0;;;;;;0.0;;2.0;4;;;;0.0;;1;3.0;;1.0;;;E29;E39;;;;;;;;;;;;;;;;1;0;1;0;0;1;0;0;0;0;0;0
E32;1.0;;;;;;0.0;;2.0;1;;;;1.0;;1;0.0;;3.0;;;E33;E34;E35;E43;E45;E46;;;;;;;;;;;;1;0;0;0;0;1;0;0;0;0;0;1
E43;1.0;;;;;;0.0;;1.0;4;;;;1.0;;1;3.0;;3.0;;;E44;E45;E46;E33;E32;E34;;;;;;;;;;;;0;0;0;1;0;1;0;0;1;0;0;1
E34;0.0;;;;;;0.0;;1.0;4;;;;1.0;;1;2.0;;2.0;;;E43;E45;E46;E32;E33;E35;;;;;;;;;;;;0;0;0;0;0;1;0;0;1;0;0;1
E33;;;;;;;0.0;;2.0;3;;;;1.0;;2;2.0;;2.0;;;E32;E33;E34;E43;E46;E45;;;;;;;;;;;;0;1;0;0;0;1;0;0;0;0;0;1
E31;1.0;;;;;;0.0;;;1;;;;1.0;;2;1.0;;1.0;;;;;;;;;;;;;;;;;;;;0;0;0;0;0;0;1;0;0;0;0;1
E29;0.0;;;;;;;;2.0;3;;;;0.0;;1;0.0;;2.0;;;E38;E39;;;;;;;;;;;;;;;;1;0;0;0;0;0;1;0;0;0;0;1
E28;1.0;;;;;;0.0;;2.0;1;;;;0.0;;1;2.0;;1.0;;;E26;E27;E31;E30;;;;;;;;;;;;;;0;0;0;0;0;0;0;1;1;0;0;0
E27;1.0;;;;;;1.0;;1.0;2;;;;1.0;;2;2.0;;2.0;;;E26;E31;E28;E30;;;;;;;;;;;;;;0;0;0;0;0;0;0;1;0;1;0;0
E60;1.0;;;;;;0.0;;2.0;3;;;;1.0;;1;0.0;;3.0;;;E61;E62;;;;;;;;;;;;;;;;1;0;0;0;0;0;0;1;0;0;0;0
E30;1.0;;;;;;0.0;;1.0;3;;;;1.0;;1;3.0;;3.0;;;E31;E27;E28;E26;;;;;;;;;;;;;;0;0;0;0;0;0;0;1;1;0;0;0
E26;1.0;;;;;;0.0;;2.0;0;;;;1.0;;2;1.0;;3.0;;;E30;E25;E31;E24;;;;;;;;;;;;;;0;0;0;0;0;0;1;0;0;1;0;1
E51;1.0;;;;;;0.0;;0.0;2;;;;0.0;;1;2.0;;2.0;;;;;;;;;;;;;;;;;;;;0;0;0;0;0;1;0;0;1;0;0;1
E48;1.0;;;;;;0.0;;1.0;3;;;;1.0;;1;3.0;;2.0;;;E47;E46;E49;;;;;;;;;;;;;;;0;0;0;0;0;1;0;0;0;0;0;0
E47;1.0;;;;;;0.0;;1.0;3;;;;1.0;;1;2.0;;2.0;;;E48;E50;E49;;;;;;;;;;;;;;;0;0;0;0;0;1;0;0;0;0;0;0
E23;0.0;;;;;;0.0;;0.0;3;;;;1.0;;1;3.0;;2.0;;;;;;;;;;;;;;;;;;;;0;0;0;0;0;1;0;0;0;0;0;0
E22;1.0;;;;;;0.0;;2.0;3;;;;1.0;;1;2.0;;0.0;;;E17;E18;E19;E20;E21;E13;E14;E15;;;;;;;;;;0;0;0;0;0;1;0;0;1;0;0;1
E19;1.0;;;;;;0.0;;2.0;2;;;;1.0;;1;1.0;;1.0;;;E22;E17;E21;E15;E18;E14;E16;E20;E13;;;;;;;;;0;0;0;0;0;0;0;0;1;0;0;0
E17;1.0;;;;;;0.0;;2.0;0;;;;1.0;;1;2.0;;2.0;;;E22;E21;E19;E18;E14;E15;E16;E20;;;;;;;;;;0;0;0;0;0;1;0;0;1;0;0;1
E21;1.0;;;;;;0.0;;2.0;0;;;;1.0;;1;3.0;;2.0;;;E14;E22;E19;E18;E15;E17;E20;E16;;;;;;;;;;0;0;0;0;0;1;0;0;1;0;0;1
E18;1.0;;;;;;0.0;;2.0;1;;;;1.0;;1;2.0;;3.0;;;E13;E14;E15;E16;E17;E19;E20;E21;;;;;;;;;;0;0;0;0;0;0;0;1;0;1;0;1
E20;1.0;;;;;;0.0;;2.0;3;;;;1.0;;1;3.0;;1.0;;;E13;E14;E15;E16;E17;E18;E19;E21;E22;;;;;;;;;0;0;0;0;0;1;0;0;0;0;0;1
E15;1.0;;;;;;0.0;;2.0;1;;;;1.0;;2;2.0;;1.0;;;E14;E16;E21;;;;;;;;;;;;;;;0;0;0;0;0;0;0;1;1;0;0;0
E12;1.0;;;;;;0.0;;0.0;1;;;;0.0;;2;1.0;;2.0;;;;;;;;;;;;;;;;;;;;1;0;0;0;0;0;0;1;0;0;0;0
E14;1.0;;;;;;0.0;;2.0;2;;;;1.0;;1;0.0;;3.0;;;E16;E13;E18;E20;E17;E21;E22;;;;;;;;;;;0;0;0;0;0;1;0;0;1;0;0;1
E16;1.0;;;;;;0.0;;2.0;0;;;;1.0;;1;3.0;;2.0;;;E13;E14;E15;E17;E18;E19;E20;E21;E22;;;;;;;;;1;0;0;0;0;1;0;0;0;0;0;1
E09;;;;;;;0.0;;1.0;3;;;;1.0;;1;1.0;;2.0;;;E95;;;;;;;;;;;;;;;;;1;0;0;0;0;0;1;0;0;0;0;1
E13;1.0;;;;;;0.0;;2.0;2;;;;1.0;;2;3.0;;2.0;;;E14;E15;E16;E17;E18;E19;E20;E21;E22;;;;;;;;;1;0;0;0;0;1;0;0;0;0;0;1
E06;1.0;;;;;;0.0;;2.0;2;;;;1.0;;1;1.0;;2.0;;;E04;E07;E08;;;;;;;;;;;;;;;0;0;0;0;0;0;1;0;1;0;0;1
E03;1.0;;;;;;0.0;;2.0;2;;;;1.0;;2;2.0;;2.0;;;E01;E02;;;;;;;;;;;;;;;;0;0;1;0;0;0;0;1;1;0;0;0
E07;1.0;;;;;;0.0;;2.0;1;;;;1.0;;1;3.0;;3.0;;;E06;E08;E04;;;;;;;;;;;;;;;0;0;0;0;0;1;0;0;0;0;0;1
E02;0.0;;;;;;1.0;;2.0;4;;;;1.0;;1;2.0;;0.0;;;E01;E03;;;;;;;;;;;;;;;;1;0;0;0;0;0;0;1;0;0;0;0
E04;1.0;;;;;;0.0;;2.0;4;;;;1.0;;1;1.0;;2.0;;;E06;E07;E08;;;;;;;;;;;;;;;0;0;0;0;0;1;0;0;0;1;0;1
E01;1.0;;;;;;0.0;;2.0;3;;;;1.0;;1;1.0;;2.0;;;E03;E03;;;;;;;;;;;;;;;;0;0;0;0;0;1;0;0;0;0;0;1
